document_date,vendor_name,reference_number,doc_type,amount,original_filename,category,status,is_depreciable,depreciation_note,organization_id,storage_path
2024-12-26,THE HOME DEPOT,,receipt,58.83,MORGENSKITCHEN_20250716_7263.jpg,BUILDING MATERIALS,completed,FALSE,,49c3ef02-cb09-4fde-82d8-2012e5945ba2,org/49c3ef02-cb09-4fde-82d8-2012e5945ba2/2024/45652
2025-03-08,THE HOME DEPOT,,receipt,175.33,MORGENSKITCHEN_20250716_9875.jpg,BUILDING MATERIALS,completed,FALSE,,49c3ef02-cb09-4fde-82d8-2012e5945ba2,org/49c3ef02-cb09-4fde-82d8-2012e5945ba2/2025/45724
2025-04-09,THE HOME DEPOT,,receipt,19.70,MORGENSKITCHEN_20250716_9681.jpg,BUILDING MATERIALS,completed,FALSE,,49c3ef02-cb09-4fde-82d8-2012e5945ba2,org/49c3ef02-cb09-4fde-82d8-2012e5945ba2/2025/45756
2025-04-07,THE HOME DEPOT,,receipt,22.47,MORGENSKITCHEN_20250716_5329.jpg,BUILDING MATERIALS,completed,FALSE,,49c3ef02-cb09-4fde-82d8-2012e5945ba2,org/49c3ef02-cb09-4fde-82d8-2012e5945ba2/2025/45754
2025-04-07,THE HOME DEPOT,,receipt,30.30,MORGENSKITCHEN_20250716_7220.jpg,BUILDING MATERIALS,completed,FALSE,,49c3ef02-cb09-4fde-82d8-2012e5945ba2,org/49c3ef02-cb09-4fde-82d8-2012e5945ba2/2025/45754
2025-04-06,THE HOME DEPOT,,receipt,10.84,MORGENSKITCHEN_20250716_9715.jpg,BUILDING MATERIALS,completed,FALSE,,49c3ef02-cb09-4fde-82d8-2012e5945ba2,org/49c3ef02-cb09-4fde-82d8-2012e5945ba2/2025/45753
2025-02-12,SERRANO VISTA CAFE,,receipt,73.70,MORGENSKITCHEN_20250716_8837.jpg,MISC,completed,FALSE,,49c3ef02-cb09-4fde-82d8-2012e5945ba2,org/49c3ef02-cb09-4fde-82d8-2012e5945ba2/2025/45700
2025-01-12,ZIO FRAEDO'S OF VALLEJO,,receipt,194.14,MORGENSKITCHEN_20250716_5330.jpg,MISC,completed,FALSE,,49c3ef02-cb09-4fde-82d8-2012e5945ba2,org/49c3ef02-cb09-4fde-82d8-2012e5945ba2/2025/45669
2025-04-05,THE HOME DEPOT,,receipt,72.75,MORGENSKITCHEN_20250716_9126.jpg,BUILDING MATERIALS,completed,FALSE,,49c3ef02-cb09-4fde-82d8-2012e5945ba2,org/49c3ef02-cb09-4fde-82d8-2012e5945ba2/2025/45752
2025-03-01,THE HOME DEPOT,,receipt,216.44,MORGENSKITCHEN_20250716_4904.jpg,BUILDING MATERIALS,completed,FALSE,,49c3ef02-cb09-4fde-82d8-2012e5945ba2,org/49c3ef02-cb09-4fde-82d8-2012e5945ba2/2025/45717
2025-03-24,THE HOME DEPOT,,receipt,21.82,MORGENSKITCHEN_20250716_5806.jpg,BUILDING MATERIALS,completed,FALSE,,49c3ef02-cb09-4fde-82d8-2012e5945ba2,org/49c3ef02-cb09-4fde-82d8-2012e5945ba2/2025/45740
2025-04-06,THE HOME DEPOT,,receipt,120.28,MORGENSKITCHEN_20250716_5435.jpg,BUILDING MATERIALS,completed,FALSE,,49c3ef02-cb09-4fde-82d8-2012e5945ba2,org/49c3ef02-cb09-4fde-82d8-2012e5945ba2/2025/45753
2025-04-07,SHERWIN- WILLIAMS,,receipt,33.97,MORGENSKITCHEN_20250716_7513.jpg,BUILDING MATERIALS,completed,FALSE,,49c3ef02-cb09-4fde-82d8-2012e5945ba2,org/49c3ef02-cb09-4fde-82d8-2012e5945ba2/2025/45754
2024-12-16,BIG C,,receipt,29.47,MORGENSKITCHEN_20250716_8587.jpg,BUILDING MATERIALS,completed,FALSE,,49c3ef02-cb09-4fde-82d8-2012e5945ba2,org/49c3ef02-cb09-4fde-82d8-2012e5945ba2/2024/45642
2025-01-24,THE HOME DEPOT,,receipt,4.25,MORGENSKITCHEN_20250716_3544.jpg,REPAIRS,completed,FALSE,,49c3ef02-cb09-4fde-82d8-2012e5945ba2,org/49c3ef02-cb09-4fde-82d8-2012e5945ba2/2025/45681
2025-04-08,SHERWIN- WILLIAMS,,receipt,943.52,MORGENSKITCHEN_20250716_6677.jpg,BUILDING MATERIALS,completed,FALSE,,49c3ef02-cb09-4fde-82d8-2012e5945ba2,org/49c3ef02-cb09-4fde-82d8-2012e5945ba2/2025/45755
2025-01-18,THE HOME DEPOT,,receipt,14.07,MORGENSKITCHEN_20250716_2956.jpg,REPAIRS,completed,FALSE,,49c3ef02-cb09-4fde-82d8-2012e5945ba2,org/49c3ef02-cb09-4fde-82d8-2012e5945ba2/2025/45675
2025-02-25,THE HOME DEPOT,,receipt,122.12,MORGENSKITCHEN_20250716_3838.jpg,REPAIRS,completed,FALSE,,49c3ef02-cb09-4fde-82d8-2012e5945ba2,org/49c3ef02-cb09-4fde-82d8-2012e5945ba2/2025/45713
2025-01-21,THE HOME DEPOT,,receipt,45.04,MORGENSKITCHEN_20250716_4466.jpg,REPAIRS,completed,FALSE,,49c3ef02-cb09-4fde-82d8-2012e5945ba2,org/49c3ef02-cb09-4fde-82d8-2012e5945ba2/2025/45678
2025-11-16,THE HOME DEPOT,,receipt,262.06,MORGENSKITCHEN_20250716_1016.jpg,REPAIRS,completed,FALSE,,49c3ef02-cb09-4fde-82d8-2012e5945ba2,org/49c3ef02-cb09-4fde-82d8-2012e5945ba2/2025/45977
2025-01-21,THE HOME DEPOT,,receipt,107.26,MORGENSKITCHEN_20250716_4668.jpg,BUILDING MATERIALS,completed,FALSE,,49c3ef02-cb09-4fde-82d8-2012e5945ba2,org/49c3ef02-cb09-4fde-82d8-2012e5945ba2/2025/45678
2025-01-23,THE HOME DEPOT,,receipt,18.44,MORGENSKITCHEN_20250716_1874.jpg,REPAIRS,completed,FALSE,,49c3ef02-cb09-4fde-82d8-2012e5945ba2,org/49c3ef02-cb09-4fde-82d8-2012e5945ba2/2025/45680
2025-01-21,THE HOME DEPOT,,receipt,2.87,MORGENSKITCHEN_20250716_1291.jpg,REPAIRS,completed,FALSE,,49c3ef02-cb09-4fde-82d8-2012e5945ba2,org/49c3ef02-cb09-4fde-82d8-2012e5945ba2/2025/45678
2025-01-18,THE HOME DEPOT,,receipt,47.72,MORGENSKITCHEN_20250716_9294.jpg,REPAIRS,completed,FALSE,,49c3ef02-cb09-4fde-82d8-2012e5945ba2,org/49c3ef02-cb09-4fde-82d8-2012e5945ba2/2025/45675
2025-01-13,THE HOME DEPOT,,receipt,14.07,MORGENSKITCHEN_20250716_2873.jpg,REPAIRS,completed,FALSE,,49c3ef02-cb09-4fde-82d8-2012e5945ba2,org/49c3ef02-cb09-4fde-82d8-2012e5945ba2/2025/45670
2025-01-10,THE HOME DEPOT,,receipt,89.22,MORGENSKITCHEN_20250716_4144.jpg,REPAIRS,completed,FALSE,,49c3ef02-cb09-4fde-82d8-2012e5945ba2,org/49c3ef02-cb09-4fde-82d8-2012e5945ba2/2025/45667
2025-01-09,THE HOME DEPOT,,receipt,27.22,MORGENSKITCHEN_20250716_8716.jpg,REPAIRS,completed,FALSE,,49c3ef02-cb09-4fde-82d8-2012e5945ba2,org/49c3ef02-cb09-4fde-82d8-2012e5945ba2/2025/45666
2025-01-09,THE HOME DEPOT,,receipt,41.41,MORGENSKITCHEN_20250716_7931.jpg,REPAIRS,completed,FALSE,,49c3ef02-cb09-4fde-82d8-2012e5945ba2,org/49c3ef02-cb09-4fde-82d8-2012e5945ba2/2025/45666
2025-01-09,THE HOME DEPOT,,receipt,185.64,MORGENSKITCHEN_20250716_7333.jpg,REPAIRS,completed,FALSE,,49c3ef02-cb09-4fde-82d8-2012e5945ba2,org/49c3ef02-cb09-4fde-82d8-2012e5945ba2/2025/45666
2025-01-11,THE HOME DEPOT,,receipt,10.80,MORGENSKITCHEN_20250716_4121.jpg,REPAIRS,completed,FALSE,,49c3ef02-cb09-4fde-82d8-2012e5945ba2,org/49c3ef02-cb09-4fde-82d8-2012e5945ba2/2025/45668
2025-01-09,THE HOME DEPOT,,receipt,62.88,MORGENSKITCHEN_20250716_7976.jpg,REPAIRS,completed,FALSE,,49c3ef02-cb09-4fde-82d8-2012e5945ba2,org/49c3ef02-cb09-4fde-82d8-2012e5945ba2/2025/45666
2025-06-15,VERIZON,224576185,receipt,128.83,MORGENSKITCHEN_20250716_1734.jpg,PHONE BILL,completed,FALSE,,49c3ef02-cb09-4fde-82d8-2012e5945ba2,org/49c3ef02-cb09-4fde-82d8-2012e5945ba2/2025/45823
2025-03-15,VERIZON,,receipt,129.34,MORGENSKITCHEN_20250716_6938.jpg,PHONE BILL,completed,FALSE,,49c3ef02-cb09-4fde-82d8-2012e5945ba2,org/49c3ef02-cb09-4fde-82d8-2012e5945ba2/2025/45731
2025-03-02,RECOLOGY,,receipt,659.76,MORGENSKITCHEN_20250716_2191.jpg,GARBAGE BILL,completed,FALSE,,49c3ef02-cb09-4fde-82d8-2012e5945ba2,org/49c3ef02-cb09-4fde-82d8-2012e5945ba2/2025/45718
2025-06-27,FASTRAK,,receipt,57.00,MORGENSKITCHEN_20250716_8939.jpg,TOLL,completed,FALSE,,49c3ef02-cb09-4fde-82d8-2012e5945ba2,org/49c3ef02-cb09-4fde-82d8-2012e5945ba2/2025/45835
2025-06-30,UNITED RENTALS,,receipt,196.44,MORGENSKITCHEN_20250716_8497.jpg,BUILDING MATERIALS,completed,FALSE,,49c3ef02-cb09-4fde-82d8-2012e5945ba2,org/49c3ef02-cb09-4fde-82d8-2012e5945ba2/2025/45838
2025-07-01,NAPA- VALLEJO WASTE MANAGEMENT,,receipt,44.00,MORGENSKITCHEN_20250716_4499.jpg,GARBAGE BILL,completed,FALSE,,49c3ef02-cb09-4fde-82d8-2012e5945ba2,org/49c3ef02-cb09-4fde-82d8-2012e5945ba2/2025/45839
2025-07-11,TRANSPORT PRODUCTS UNLIMITED INC.,,receipt,112.17,MORGENSKITCHEN_20250716_4273.jpg,STORAGE CONTAINERS,completed,FALSE,,49c3ef02-cb09-4fde-82d8-2012e5945ba2,org/49c3ef02-cb09-4fde-82d8-2012e5945ba2/2025/45849
2025-02-17,CROWN HILL MATERIALS,,receipt,15.44,MORGENSKITCHEN_20250716_6810.jpg,BUILDING MATERIALS,completed,FALSE,,49c3ef02-cb09-4fde-82d8-2012e5945ba2,org/49c3ef02-cb09-4fde-82d8-2012e5945ba2/2025/45705
2025-01-02,TRANSPORT PRODUCTS UNLIMITED INC.,,receipt,112.17,MORGENSKITCHEN_20250716_8418.jpg,STORAGE CONTAINERS,completed,FALSE,,49c3ef02-cb09-4fde-82d8-2012e5945ba2,org/49c3ef02-cb09-4fde-82d8-2012e5945ba2/2025/45659
2025-02-27,HORIZON,,receipt,78.53,MORGENSKITCHEN_20250716_5092.jpg,BUILDING MATERIALS,completed,FALSE,,49c3ef02-cb09-4fde-82d8-2012e5945ba2,org/49c3ef02-cb09-4fde-82d8-2012e5945ba2/2025/45715
2025-01-21,STATE FARM,125843412,receipt,2706.00,MORGENSKITCHEN_20250716_8554.jpg,INSURANCE BILL,completed,FALSE,,49c3ef02-cb09-4fde-82d8-2012e5945ba2,org/49c3ef02-cb09-4fde-82d8-2012e5945ba2/2025/45678
2025-03-12,THE HOME DEPOT,,receipt,151.51,MORGENSKITCHEN_20250716_9175.jpg,BUILDING MATERIALS,completed,FALSE,,49c3ef02-cb09-4fde-82d8-2012e5945ba2,org/49c3ef02-cb09-4fde-82d8-2012e5945ba2/2025/45728
2025-06-11,SOLANO DEPARTMENT OF RESOURCE MANAGEMENT,,receipt,670.39,MORGENSKITCHEN_20250716_7628.jpg,LICENSES & PERMITS,completed,FALSE,,49c3ef02-cb09-4fde-82d8-2012e5945ba2,org/49c3ef02-cb09-4fde-82d8-2012e5945ba2/2025/45819
2025-01-27,THE HOME DEPOT,,receipt,33.85,MORGENSKITCHEN_20250716_8759.jpg,REPAIRS,completed,FALSE,,49c3ef02-cb09-4fde-82d8-2012e5945ba2,org/49c3ef02-cb09-4fde-82d8-2012e5945ba2/2025/45684
2025-01-29,THE HOME DEPOT,,receipt,31.57,MORGENSKITCHEN_20250716_4970.jpg,REPAIRS,completed,FALSE,,49c3ef02-cb09-4fde-82d8-2012e5945ba2,org/49c3ef02-cb09-4fde-82d8-2012e5945ba2/2025/45686
2025-01-28,THE HOME DEPOT,,receipt,125.00,MORGENSKITCHEN_20250716_6036.jpg,REPAIRS,completed,FALSE,,49c3ef02-cb09-4fde-82d8-2012e5945ba2,org/49c3ef02-cb09-4fde-82d8-2012e5945ba2/2025/45685
2025-01-29,THE HOME DEPOT,,receipt,43.13,MORGENSKITCHEN_20250716_5646.jpg,REPAIRS,completed,FALSE,,49c3ef02-cb09-4fde-82d8-2012e5945ba2,org/49c3ef02-cb09-4fde-82d8-2012e5945ba2/2025/45686
2025-01-17,THE HOME DEPOT,,receipt,105.27,MORGENSKITCHEN_20250716_8643.jpg,REPAIRS,completed,FALSE,,49c3ef02-cb09-4fde-82d8-2012e5945ba2,org/49c3ef02-cb09-4fde-82d8-2012e5945ba2/2025/45674
2025-01-28,THE HOME DEPOT,,receipt,68.85,MORGENSKITCHEN_20250716_4030.jpg,REPAIRS,completed,FALSE,,49c3ef02-cb09-4fde-82d8-2012e5945ba2,org/49c3ef02-cb09-4fde-82d8-2012e5945ba2/2025/45685
2025-01-29,THE HOME DEPOT,,receipt,15.14,MORGENSKITCHEN_20250716_6627.jpg,REPAIRS,completed,FALSE,,49c3ef02-cb09-4fde-82d8-2012e5945ba2,org/49c3ef02-cb09-4fde-82d8-2012e5945ba2/2025/45686
2025-04-20,THE SPINNAKER,,receipt,138.72,SAGEHALL&GARDEN_20250718_2173.jpg,DINING,completed,FALSE,,b59a01b1-75c0-48a5-aec2-e54c547146a7,org/b59a01b1-75c0-48a5-aec2-e54c547146a7/2025/45767
2025-06-08,MEZZA LUNA CERAMICA,,receipt,1513.76,SAGEHALL&GARDEN_20250718_2733.jpg,LANDSCAPING,completed,TRUE,PLANTERS,b59a01b1-75c0-48a5-aec2-e54c547146a7,org/b59a01b1-75c0-48a5-aec2-e54c547146a7/2025/45816
2025-05-25,BABS DELTA DINER,,receipt,68.23,SAGEHALL&GARDEN_20250718_4925.jpg,DINING,completed,FALSE,,b59a01b1-75c0-48a5-aec2-e54c547146a7,org/b59a01b1-75c0-48a5-aec2-e54c547146a7/2025/45802
2025-06-05,FLYING FISH AND GRILL,,receipt,99.95,SAGEHALL&GARDEN_20250718_6598.jpg,DINING,completed,TRUE,1,b59a01b1-75c0-48a5-aec2-e54c547146a7,org/b59a01b1-75c0-48a5-aec2-e54c547146a7/2025/45813
2025-06-06,PASTA MOON,,receipt,134.05,SAGEHALL&GARDEN_20250718_9081.jpg,DINING,completed,FALSE,,b59a01b1-75c0-48a5-aec2-e54c547146a7,org/b59a01b1-75c0-48a5-aec2-e54c547146a7/2025/45814
2025-06-07,HALF MOON BAY JOES,,receipt,54.17,SAGEHALL&GARDEN_20250718_1933.jpg,DINING,completed,FALSE,,b59a01b1-75c0-48a5-aec2-e54c547146a7,org/b59a01b1-75c0-48a5-aec2-e54c547146a7/2025/45815
2025-06-06,PASTA MOON,,receipt,134.05,SAGEHALL&GARDEN_20250718_6456.jpg,DINING,removed,FALSE,,b59a01b1-75c0-48a5-aec2-e54c547146a7,org/b59a01b1-75c0-48a5-aec2-e54c547146a7/2025/45814
2025-06-19,ROMANO'S MACARONI GRILL,,receipt,25.91,SAGEHALL&GARDEN_20250718_4699.jpg,DINING,completed,FALSE,,b59a01b1-75c0-48a5-aec2-e54c547146a7,org/b59a01b1-75c0-48a5-aec2-e54c547146a7/2025/45827
2025-04-21,COSTCO WHOLESALE,,receipt,8.49,MORGENSKITCHEN_20250718_7766.jpg,SUPPLIES,completed,FALSE,,49c3ef02-cb09-4fde-82d8-2012e5945ba2,org/49c3ef02-cb09-4fde-82d8-2012e5945ba2/2025/45768
2025-06-20,COSTCO WHOLESALE,,receipt,52.94,MORGENSKITCHEN_20250718_8982.jpg,SUPPLIES,completed,FALSE,,49c3ef02-cb09-4fde-82d8-2012e5945ba2,org/49c3ef02-cb09-4fde-82d8-2012e5945ba2/2025/45828
,SMART & FINAL,,receipt,303.92,MORGENSKITCHEN_20250718_3110.jpg,SUPPLIES,completed,TRUE,FALSE,49c3ef02-cb09-4fde-82d8-2012e5945ba2,org/49c3ef02-cb09-4fde-82d8-2012e5945ba2/1900/
2025-04-21,COSTCO WHOLESALE,,receipt,80.92,MORGENSKITCHEN_20250718_9101.jpg,SUPPLIES,completed,FALSE,,49c3ef02-cb09-4fde-82d8-2012e5945ba2,org/49c3ef02-cb09-4fde-82d8-2012e5945ba2/2025/45768
2025-07-08,WALMART,,receipt,,MORGENSKITCHEN_20250718_2859.jpg,,removed,TRUE,1,49c3ef02-cb09-4fde-82d8-2012e5945ba2,org/49c3ef02-cb09-4fde-82d8-2012e5945ba2/2025/45846
2025-07-08,COSTCO WHOLESALE,,receipt,24.96,MORGENSKITCHEN_20250718_2072.jpg,SUPPLIES,completed,FALSE,,49c3ef02-cb09-4fde-82d8-2012e5945ba2,org/49c3ef02-cb09-4fde-82d8-2012e5945ba2/2025/45846
2025-07-08,WALMART,,receipt,170.58,MORGENSKITCHEN_20250718_6872.jpg,AUTO REPAIR BATTERY,completed,FALSE,,49c3ef02-cb09-4fde-82d8-2012e5945ba2,org/49c3ef02-cb09-4fde-82d8-2012e5945ba2/2025/45846
2025-05-10,COSTCO WHOLESALE,,receipt,81.13,MORGENSKITCHEN_20250718_8246.jpg,SUPPLIES,completed,FALSE,,49c3ef02-cb09-4fde-82d8-2012e5945ba2,org/49c3ef02-cb09-4fde-82d8-2012e5945ba2/2025/45787
2025-07-06,RUTHERFORD GRILL,,receipt,207.42,JandJlaundromat_20250721_8169.jpg,DINING,completed,FALSE,,c1f82f4b-94ee-492e-8f2d-c71be18ddc57,org/c1f82f4b-94ee-492e-8f2d-c71be18ddc57/2025/45844
2025-05-11,OSTERIA DIVINO,,receipt,204.39,JandJlaundromat_20250721_9979.jpg,DINING,completed,FALSE,,c1f82f4b-94ee-492e-8f2d-c71be18ddc57,org/c1f82f4b-94ee-492e-8f2d-c71be18ddc57/2025/45788
2025-05-23,BAMBINO'S SIL IDS & CATERING,,receipt,62.13,JandJlaundromat_20250721_1393.jpg,SUPPLIES,completed,FALSE,,c1f82f4b-94ee-492e-8f2d-c71be18ddc57,org/c1f82f4b-94ee-492e-8f2d-c71be18ddc57/2025/45800
2025-05-02,SKATES ON THE BAY,,receipt,112.01,JandJlaundromat_20250721_2814.jpg,DINING,completed,FALSE,,c1f82f4b-94ee-492e-8f2d-c71be18ddc57,org/c1f82f4b-94ee-492e-8f2d-c71be18ddc57/2025/45779
2025-05-14,SPROUTS FARMERS MARKET,,receipt,18.99,JandJlaundromat_20250721_5861.jpg,SUPPLIES,completed,FALSE,,c1f82f4b-94ee-492e-8f2d-c71be18ddc57,org/c1f82f4b-94ee-492e-8f2d-c71be18ddc57/2025/45791
2025-04-29,"LOWE'S HOME CENTERS, LLC",,receipt,27.95,Byronst_20250729_9299.jpg,BUILDING MATERIALS,completed,FALSE,,2a822b4c-99d9-4f31-95f6-305e4bfa9c17,org/2a822b4c-99d9-4f31-95f6-305e4bfa9c17/2025/45776
2023-03-11,THE HOME DEPOT,,receipt,899.00,Nantucket_20250729_2376.jpg,APPLIANCE,completed,TRUE,Washer,b95ea2ec-727a-4583-b52e-abbf7c8e8f0e,org/b95ea2ec-727a-4583-b52e-abbf7c8e8f0e/2023/44996
2025-06-05,,,receipt,337.98,Nantucket_20250731_5015.jpg,,removed,TRUE,1,b95ea2ec-727a-4583-b52e-abbf7c8e8f0e,org/b95ea2ec-727a-4583-b52e-abbf7c8e8f0e/2025/45813
2025-06-01,MARINER'S LANDING HOMEOWNERS ASSOCIATION,,receipt,610.00,Nantucket_20250731_3264.jpg,HOA DUES,completed,FALSE,,b95ea2ec-727a-4583-b52e-abbf7c8e8f0e,org/b95ea2ec-727a-4583-b52e-abbf7c8e8f0e/2025/45809
2025-04-01,MARINER'S LANDING HOMEOWNERS ASSOCIATION,,receipt,610.00,Nantucket_20250731_7720.jpg,HOA DUES,completed,FALSE,,b95ea2ec-727a-4583-b52e-abbf7c8e8f0e,org/b95ea2ec-727a-4583-b52e-abbf7c8e8f0e/2025/45748
2025-01-16,PROVIDENCE WALK CORPORATION,,receipt,508.00,Nantucket_20250731_3867.jpg,,completed,FALSE,,b95ea2ec-727a-4583-b52e-abbf7c8e8f0e,org/b95ea2ec-727a-4583-b52e-abbf7c8e8f0e/2025/45673
2025-01-01,MARINER'S LANDING HOMEOWNERS ASSOCIATION,,receipt,610.00,Nantucket_20250731_7819.jpg,HOA DUES,completed,TRUE,1,b95ea2ec-727a-4583-b52e-abbf7c8e8f0e,org/b95ea2ec-727a-4583-b52e-abbf7c8e8f0e/2025/45658
2025-06-30,,,receipt,655.00,Nantucket_20250731_1600.jpg,,removed,TRUE,1,b95ea2ec-727a-4583-b52e-abbf7c8e8f0e,org/b95ea2ec-727a-4583-b52e-abbf7c8e8f0e/2025/45838
2025-03-20,RECOLOGY,,receipt,401.17,SPRINGSRD_20250731_8580.jpg,GARBAGE BILL,completed,FALSE,,5cb0a9ac-604d-4918-b5be-e2343bfeae2c,org/5cb0a9ac-604d-4918-b5be-e2343bfeae2c/2025/45736
2025-03-18,PG&E,,receipt,220.83,SPRINGSRD_20250731_8785.jpg,ELECTRIC BILL,completed,FALSE,,5cb0a9ac-604d-4918-b5be-e2343bfeae2c,org/5cb0a9ac-604d-4918-b5be-e2343bfeae2c/2025/45734
2025-02-26,PG&E,,receipt,168.05,SPRINGSRD_20250731_8323.jpg,ELECTRIC BILL,completed,FALSE,,5cb0a9ac-604d-4918-b5be-e2343bfeae2c,org/5cb0a9ac-604d-4918-b5be-e2343bfeae2c/2025/45714
2025-04-22,PG&E,,receipt,194.15,SPRINGSRD_20250731_6904.jpg,ELECTRIC BILL,completed,FALSE,,5cb0a9ac-604d-4918-b5be-e2343bfeae2c,org/5cb0a9ac-604d-4918-b5be-e2343bfeae2c/2025/45769
2025-05-13,PG&E,,receipt,35.45,SPRINGSRD_20250731_3724.jpg,ELECTRIC BILL,completed,FALSE,,5cb0a9ac-604d-4918-b5be-e2343bfeae2c,org/5cb0a9ac-604d-4918-b5be-e2343bfeae2c/2025/45790
2025-03-12,PG&E,,receipt,220.83,SPRINGSRD_20250731_9662.jpg,ELECTRIC BILL,removed,FALSE,,5cb0a9ac-604d-4918-b5be-e2343bfeae2c,org/5cb0a9ac-604d-4918-b5be-e2343bfeae2c/2025/45728
2025-01-28,PG&E,,receipt,98.28,SPRINGSRD_20250731_2521.jpg,ELECTRIC BILL,completed,FALSE,,5cb0a9ac-604d-4918-b5be-e2343bfeae2c,org/5cb0a9ac-604d-4918-b5be-e2343bfeae2c/2025/45685
2025-03-30,RECOLOGY,,receipt,467.46,SPRINGSRD_20250731_1610.jpg,GARBAGE BILL,completed,FALSE,,5cb0a9ac-604d-4918-b5be-e2343bfeae2c,org/5cb0a9ac-604d-4918-b5be-e2343bfeae2c/2025/45746
2025-03-30,RH YOUNTVILLE,,receipt,257.74,SPRINGSRD_20250731_8904.jpg,MISC,completed,FALSE,,5cb0a9ac-604d-4918-b5be-e2343bfeae2c,org/5cb0a9ac-604d-4918-b5be-e2343bfeae2c/2025/45746
2025-02-05,THE HOME DEPOT,,receipt,148.95,SPRINGSRD_20250731_3473.jpg,BUILDING MATERIALS,completed,FALSE,,5cb0a9ac-604d-4918-b5be-e2343bfeae2c,org/5cb0a9ac-604d-4918-b5be-e2343bfeae2c/2025/45693
2025-02-06,BIG CREEK LUMBER & BUILDING MATERIALS,,receipt,17.47,SPRINGSRD_20250731_6469.jpg,BUILDING MATERIALS,completed,FALSE,,5cb0a9ac-604d-4918-b5be-e2343bfeae2c,org/5cb0a9ac-604d-4918-b5be-e2343bfeae2c/2025/45694
2025-01-17,MONTECATINI RISTORANTE,,receipt,134.42,SPRINGSRD_20250731_5850.jpg,MISC,completed,FALSE,,5cb0a9ac-604d-4918-b5be-e2343bfeae2c,org/5cb0a9ac-604d-4918-b5be-e2343bfeae2c/2025/45674
2025-04-08,FLOOR AND DECOR,,receipt,30.14,SPRINGSRD_20250731_9281.jpg,BUILDING MATERIALS,completed,FALSE,,5cb0a9ac-604d-4918-b5be-e2343bfeae2c,org/5cb0a9ac-604d-4918-b5be-e2343bfeae2c/2025/45755
2025-02-13,THE MODERN VEGAN,,receipt,65.37,SPRINGSRD_20250731_5304.jpg,MISC,completed,FALSE,,5cb0a9ac-604d-4918-b5be-e2343bfeae2c,org/5cb0a9ac-604d-4918-b5be-e2343bfeae2c/2025/45701
2025-06-14,SHERWIN- WILLIAMS,,receipt,7.64,SPRINGSRD_20250731_1434.jpg,BUILDING MATERIALS,completed,FALSE,,5cb0a9ac-604d-4918-b5be-e2343bfeae2c,org/5cb0a9ac-604d-4918-b5be-e2343bfeae2c/2025/45822
2025-02-14,NACHO DADDY,,receipt,93.21,SPRINGSRD_20250731_2566.jpg,MISC,completed,FALSE,,5cb0a9ac-604d-4918-b5be-e2343bfeae2c,org/5cb0a9ac-604d-4918-b5be-e2343bfeae2c/2025/45702
2025-02-16,VALLEJO CA HOUDT,,receipt,41.49,SPRINGSRD_20250731_7282.jpg,BUILDING MATERIALS,completed,FALSE,,5cb0a9ac-604d-4918-b5be-e2343bfeae2c,org/5cb0a9ac-604d-4918-b5be-e2343bfeae2c/2025/45704
2025-03-17,BIG CREEK LUMBER & BUILDING MATERIALS,,receipt,6.53,SPRINGSRD_20250731_8067.jpg,BUILDING MATERIALS,completed,FALSE,,5cb0a9ac-604d-4918-b5be-e2343bfeae2c,org/5cb0a9ac-604d-4918-b5be-e2343bfeae2c/2025/45733
2025-03-02,,,receipt,350.21,SPRINGSRD_20250731_7699.jpg,,removed,TRUE,1,5cb0a9ac-604d-4918-b5be-e2343bfeae2c,org/5cb0a9ac-604d-4918-b5be-e2343bfeae2c/2025/45718
2025-04-07,THE HOME DEPOT,,receipt,21.92,SPRINGSRD_20250731_8199.jpg,BUILDING MATERIALS,completed,FALSE,,5cb0a9ac-604d-4918-b5be-e2343bfeae2c,org/5cb0a9ac-604d-4918-b5be-e2343bfeae2c/2025/45754
2025-04-10,THE HOME DEPOT,,receipt,140.22,SPRINGSRD_20250731_8221.jpg,BUILDING MATERIALS,completed,FALSE,,5cb0a9ac-604d-4918-b5be-e2343bfeae2c,org/5cb0a9ac-604d-4918-b5be-e2343bfeae2c/2025/45757
2025-04-09,JOHNSTON & MURPHY,,receipt,152.55,SPRINGSRD_20250731_3314.jpg,MISC,completed,FALSE,,5cb0a9ac-604d-4918-b5be-e2343bfeae2c,org/5cb0a9ac-604d-4918-b5be-e2343bfeae2c/2025/45756
2025-03-16,MANKAS GRILL,,receipt,80.55,SPRINGSRD_20250731_5836.jpg,MISC,completed,FALSE,,5cb0a9ac-604d-4918-b5be-e2343bfeae2c,org/5cb0a9ac-604d-4918-b5be-e2343bfeae2c/2025/45732
2025-03-27,BAMBINOS,,receipt,77.60,SPRINGSRD_20250731_3355.jpg,MISC,completed,FALSE,,5cb0a9ac-604d-4918-b5be-e2343bfeae2c,org/5cb0a9ac-604d-4918-b5be-e2343bfeae2c/2025/45743
,TARLA,,receipt,350.21,SPRINGSRD_20250731_1159.jpg,MISC,completed,FALSE,,5cb0a9ac-604d-4918-b5be-e2343bfeae2c,org/5cb0a9ac-604d-4918-b5be-e2343bfeae2c/1900/
2025-06-27,POPEYES LOUISIANA KITCHEN,,receipt,9.37,SPRINGSRD_20250731_4080.jpg,MISC,completed,FALSE,,5cb0a9ac-604d-4918-b5be-e2343bfeae2c,org/5cb0a9ac-604d-4918-b5be-e2343bfeae2c/2025/45835
2025-02-05,ZIO FRAEDO'S OF VALLEJO,,receipt,220.09,SPRINGSRD_20250731_9297.jpg,MISC,completed,FALSE,,5cb0a9ac-604d-4918-b5be-e2343bfeae2c,org/5cb0a9ac-604d-4918-b5be-e2343bfeae2c/2025/45693
2025-04-02,MONTECATINI RISTORANTE,,receipt,140.88,SPRINGSRD_20250731_6533.jpg,MISC,completed,FALSE,,5cb0a9ac-604d-4918-b5be-e2343bfeae2c,org/5cb0a9ac-604d-4918-b5be-e2343bfeae2c/2025/45749
2025-03-01,R+D KITCHEN,,receipt,298.91,SPRINGSRD_20250731_3622.jpg,MISC,completed,FALSE,,5cb0a9ac-604d-4918-b5be-e2343bfeae2c,org/5cb0a9ac-604d-4918-b5be-e2343bfeae2c/2025/45717
2025-03-30,RH YOUNTVILLE,,receipt,352.99,SPRINGSRD_20250731_1637.jpg,MISC,completed,FALSE,,5cb0a9ac-604d-4918-b5be-e2343bfeae2c,org/5cb0a9ac-604d-4918-b5be-e2343bfeae2c/2025/45746
2025-02-08,GOTT'S ROADSIDE OXBOW PUBLIC MARKET,,receipt,59.75,SPRINGSRD_20250731_6697.jpg,MISC,completed,FALSE,,5cb0a9ac-604d-4918-b5be-e2343bfeae2c,org/5cb0a9ac-604d-4918-b5be-e2343bfeae2c/2025/45696
2025-02-06,THE HOME DEPOT,,receipt,86.31,SPRINGSRD_20250731_5885.jpg,BUILDING MATERIALS,completed,FALSE,,5cb0a9ac-604d-4918-b5be-e2343bfeae2c,org/5cb0a9ac-604d-4918-b5be-e2343bfeae2c/2025/45694
2025-03-30,,,receipt,352.99,SPRINGSRD_20250731_8239.jpg,,removed,TRUE,1,5cb0a9ac-604d-4918-b5be-e2343bfeae2c,org/5cb0a9ac-604d-4918-b5be-e2343bfeae2c/2025/45746
2025-03-01,,,receipt,262.91,SPRINGSRD_20250731_2211.jpg,,removed,TRUE,1,5cb0a9ac-604d-4918-b5be-e2343bfeae2c,org/5cb0a9ac-604d-4918-b5be-e2343bfeae2c/2025/45717
2025-06-27,ALCO IRON AND METAL COMPANY,,receipt,151.81,J&JLAUNDROMAT_20250801_6977.jpg,REPAIRS,completed,FALSE,,c1f82f4b-94ee-492e-8f2d-c71be18ddc57,org/c1f82f4b-94ee-492e-8f2d-c71be18ddc57/2025/45835
2025-02-10,ADOBE LUMBER,,receipt,452.55,J&JLAUNDROMAT_20250801_6807.jpg,REPAIRS,completed,FALSE,,c1f82f4b-94ee-492e-8f2d-c71be18ddc57,org/c1f82f4b-94ee-492e-8f2d-c71be18ddc57/2025/45698
2025-03-11,THE HARTFORD,,receipt,4000.00,J&JLAUNDROMAT_20250801_9117.jpg,INSURANCE BILL,completed,FALSE,,c1f82f4b-94ee-492e-8f2d-c71be18ddc57,org/c1f82f4b-94ee-492e-8f2d-c71be18ddc57/2025/45727
2025-05-08,USA METALS LLC.,72459,receipt,90.81,J&JLAUNDROMAT_20250801_5894.jpg,REPAIRS,completed,FALSE,,c1f82f4b-94ee-492e-8f2d-c71be18ddc57,org/c1f82f4b-94ee-492e-8f2d-c71be18ddc57/2025/45785
2025-06-27,,,receipt,,J&JLAUNDROMAT_20250801_9509.jpg,,removed,TRUE,"""""",c1f82f4b-94ee-492e-8f2d-c71be18ddc57,org/c1f82f4b-94ee-492e-8f2d-c71be18ddc57/2025/45835
2025-03-31,OREILLY AUTO PARTS,,receipt,15.27,J&JLAUNDROMAT_20250801_1575.jpg,REPAIRS,completed,FALSE,,c1f82f4b-94ee-492e-8f2d-c71be18ddc57,org/c1f82f4b-94ee-492e-8f2d-c71be18ddc57/2025/45747
2025-01-22,AMERICAN EXPRESS®,,receipt,51.48,J&JLAUNDROMAT_20250801_4399.jpg,CREDIT CARD BILL,removed,FALSE,,c1f82f4b-94ee-492e-8f2d-c71be18ddc57,org/c1f82f4b-94ee-492e-8f2d-c71be18ddc57/2025/45679
2025-06-27,THE HOME DEPOT,,receipt,246.42,J&JLAUNDROMAT_20250801_4860.jpg,BUILDING MATERIALS,completed,FALSE,,c1f82f4b-94ee-492e-8f2d-c71be18ddc57,org/c1f82f4b-94ee-492e-8f2d-c71be18ddc57/2025/45835
2025-07-01,THREE J'S GLOBAL FIRE PROTECTION,,receipt,940.37,J&JLAUNDROMAT_20250801_2391.jpg,,completed,FALSE,,c1f82f4b-94ee-492e-8f2d-c71be18ddc57,org/c1f82f4b-94ee-492e-8f2d-c71be18ddc57/2025/45839
2025-02-15,VERIZON,,receipt,14.50,J&JLAUNDROMAT_20250801_9481.jpg,PHONE BILL,completed,FALSE,,c1f82f4b-94ee-492e-8f2d-c71be18ddc57,org/c1f82f4b-94ee-492e-8f2d-c71be18ddc57/2025/45703
2025-01-06,THE HOME DEPOT,,receipt,12.94,J&JLAUNDROMAT_20250801_2115.jpg,BUILDING MATERIALS,completed,FALSE,,c1f82f4b-94ee-492e-8f2d-c71be18ddc57,org/c1f82f4b-94ee-492e-8f2d-c71be18ddc57/2025/45663
2025-06-27,UNITED RENTALS,,receipt,196.44,J&JLAUNDROMAT_20250801_7144.jpg,REPAIRS,completed,FALSE,,c1f82f4b-94ee-492e-8f2d-c71be18ddc57,org/c1f82f4b-94ee-492e-8f2d-c71be18ddc57/2025/45835
2023-01-27,,,receipt,329.46,J&JLAUNDROMAT_20250801_9089.jpg,,removed,TRUE,"""""",c1f82f4b-94ee-492e-8f2d-c71be18ddc57,org/c1f82f4b-94ee-492e-8f2d-c71be18ddc57/2023/44953
2025-02-15,,,receipt,,J&JLAUNDROMAT_20250801_6315.jpg,,removed,TRUE,"""""",c1f82f4b-94ee-492e-8f2d-c71be18ddc57,org/c1f82f4b-94ee-492e-8f2d-c71be18ddc57/2025/45703
2025-02-10,ABC FUMER & DRAIN,,receipt,100.00,J&JLAUNDROMAT_20250801_8016.jpg,REPAIRS,completed,FALSE,,c1f82f4b-94ee-492e-8f2d-c71be18ddc57,org/c1f82f4b-94ee-492e-8f2d-c71be18ddc57/2025/45698
2025-01-21,THE HOME DEPOT,,receipt,44.74,J&JLAUNDROMAT_20250801_1086.jpg,BUILDING MATERIALS,completed,FALSE,,c1f82f4b-94ee-492e-8f2d-c71be18ddc57,org/c1f82f4b-94ee-492e-8f2d-c71be18ddc57/2025/45678
2025-01-03,AMAZON,,receipt,65.50,J&JLAUNDROMAT_20250801_4335.jpg,TIMER LIGHT,completed,FALSE,,c1f82f4b-94ee-492e-8f2d-c71be18ddc57,org/c1f82f4b-94ee-492e-8f2d-c71be18ddc57/2025/45660
2025-03-28,,,receipt,,SPRINGSRD_20250801_3964.jpg,,removed,TRUE,1,5cb0a9ac-604d-4918-b5be-e2343bfeae2c,org/5cb0a9ac-604d-4918-b5be-e2343bfeae2c/2025/45744
2025-02-08,,,receipt,266.35,SPRINGSRD_20250801_9797.jpg,,removed,TRUE,1,5cb0a9ac-604d-4918-b5be-e2343bfeae2c,org/5cb0a9ac-604d-4918-b5be-e2343bfeae2c/2025/45696
2025-03-28,THE HOME DEPOT,,receipt,239.38,SPRINGSRD_20250801_9443.jpg,REPAIRS,completed,FALSE,,5cb0a9ac-604d-4918-b5be-e2343bfeae2c,org/5cb0a9ac-604d-4918-b5be-e2343bfeae2c/2025/45744
2025-02-08,THE HOME DEPOT,,receipt,266.35,SPRINGSRD_20250801_5053.jpg,HOOD FOR STOVE,completed,FALSE,,5cb0a9ac-604d-4918-b5be-e2343bfeae2c,org/5cb0a9ac-604d-4918-b5be-e2343bfeae2c/2025/45696
2025-03-06,,,receipt,69.85,J&JMOTORS_20250801_1718.jpg,,removed,TRUE,1,4afed110-2f87-460a-a92d-3d478884fb6b,org/4afed110-2f87-460a-a92d-3d478884fb6b/2025/45722
2025-02-19,PROVIDENCE WALK CORPORATION,,receipt,513.00,VICKSBURGDR_20250801_1898.jpg,HOA DUES,completed,FALSE,,0cb5e772-bb5c-490b-bab8-c73842229375,org/0cb5e772-bb5c-490b-bab8-c73842229375/2025/45707
2025-05-16,PROVIDENCE WALK CORPORATION,,receipt,263.00,VICKSBURGDR_20250801_5497.jpg,HOA DUES,completed,FALSE,,0cb5e772-bb5c-490b-bab8-c73842229375,org/0cb5e772-bb5c-490b-bab8-c73842229375/2025/45793
2025-06-18,COMMON INTEREST MGMT SERVICES,,receipt,268.00,VICKSBURGDR_20250801_3633.jpg,HOA DUES,completed,FALSE,,0cb5e772-bb5c-490b-bab8-c73842229375,org/0cb5e772-bb5c-490b-bab8-c73842229375/2025/45826
2025-03-18,PROVIDENCE WALK CORPORATION,,receipt,518.00,VICKSBURGDR_20250801_2105.jpg,HOA DUES,completed,FALSE,,0cb5e772-bb5c-490b-bab8-c73842229375,org/0cb5e772-bb5c-490b-bab8-c73842229375/2025/45734
,,,receipt,7.64,J&JLAUNDROMAT_20250910_5972.jpg,,removed,TRUE,1,c1f82f4b-94ee-492e-8f2d-c71be18ddc57,org/c1f82f4b-94ee-492e-8f2d-c71be18ddc57/1900/
2025-08-26,,,receipt,1.29,J&JLAUNDROMAT_20250910_1583.jpg,,removed,TRUE,1,c1f82f4b-94ee-492e-8f2d-c71be18ddc57,org/c1f82f4b-94ee-492e-8f2d-c71be18ddc57/2025/45895
2025-07-12,,,receipt,46.88,J&JLAUNDROMAT_20250910_3305.jpg,,removed,TRUE,1,c1f82f4b-94ee-492e-8f2d-c71be18ddc57,org/c1f82f4b-94ee-492e-8f2d-c71be18ddc57/2025/45850
2025-05-22,SKATES,,receipt,224.06,J&JLAUNDROMAT_20250910_7349.jpg,DINING,completed,TRUE,1,c1f82f4b-94ee-492e-8f2d-c71be18ddc57,org/c1f82f4b-94ee-492e-8f2d-c71be18ddc57/2025/45799
2025-07-24,THE HOME DEPOT,,receipt,402.66,J&JLAUNDROMAT_20250910_3995.jpg,BUILDING MATERIALS,completed,TRUE,1,c1f82f4b-94ee-492e-8f2d-c71be18ddc57,org/c1f82f4b-94ee-492e-8f2d-c71be18ddc57/2025/45862
2025-07-06,RUTHERFORD GRILL,,receipt,103.71,J&JLAUNDROMAT_20250910_2564.jpg,DINING,completed,TRUE,1,c1f82f4b-94ee-492e-8f2d-c71be18ddc57,org/c1f82f4b-94ee-492e-8f2d-c71be18ddc57/2025/45844
2025-05-11,OSTERIA DIVINO,,receipt,264.00,J&JLAUNDROMAT_20250910_7979.jpg,DINING,completed,TRUE,1,c1f82f4b-94ee-492e-8f2d-c71be18ddc57,org/c1f82f4b-94ee-492e-8f2d-c71be18ddc57/2025/45788
,,,receipt,,J&JLAUNDROMAT_20250910_5381.jpg,,removed,TRUE,1,c1f82f4b-94ee-492e-8f2d-c71be18ddc57,org/c1f82f4b-94ee-492e-8f2d-c71be18ddc57/1900/
2025-05-23,BAMBINO'S SAT ADS & CATERING,,receipt,60.31,J&JLAUNDROMAT_20250910_9097.jpg,DINING,completed,TRUE,1,c1f82f4b-94ee-492e-8f2d-c71be18ddc57,org/c1f82f4b-94ee-492e-8f2d-c71be18ddc57/2025/45800
2025-07-07,RESTAURANT DUPOT,,receipt,239.91,MORGENSKITCHEN_20250910_1668.jpg,SUPPLIES,completed,TRUE,1,49c3ef02-cb09-4fde-82d8-2012e5945ba2,org/49c3ef02-cb09-4fde-82d8-2012e5945ba2/2025/45845
2025-08-19,THE HOME DEPOT,,receipt,28.65,MORGENSKITCHEN_20250910_2843.jpg,BUILDING MATERIALS,completed,TRUE,1,49c3ef02-cb09-4fde-82d8-2012e5945ba2,org/49c3ef02-cb09-4fde-82d8-2012e5945ba2/2025/45888
2035-05-30,BAMBINO'S,,receipt,5375.00,MORGENSKITCHEN_20250910_2994.jpg,DINING,completed,TRUE,1,49c3ef02-cb09-4fde-82d8-2012e5945ba2,org/49c3ef02-cb09-4fde-82d8-2012e5945ba2/2035/49459
2025-08-13,BIG CREEK LUMBER & BUILDING MATERIALS,,receipt,3.68,MORGENSKITCHEN_20250910_6677.jpg,BUILDING MATERIALS,completed,FALSE,,49c3ef02-cb09-4fde-82d8-2012e5945ba2,org/49c3ef02-cb09-4fde-82d8-2012e5945ba2/2025/45882
2025-08-07,,,receipt,12.00,MORGENSKITCHEN_20250910_7983.jpg,,removed,TRUE,1,49c3ef02-cb09-4fde-82d8-2012e5945ba2,org/49c3ef02-cb09-4fde-82d8-2012e5945ba2/2025/45876
2025-08-13,,,receipt,4.30,MORGENSKITCHEN_20250910_1819.jpg,,removed,TRUE,1,49c3ef02-cb09-4fde-82d8-2012e5945ba2,org/49c3ef02-cb09-4fde-82d8-2012e5945ba2/2025/45882
2025-10-17,THE HOME DEPOT,,receipt,18.58,MORGENSKITCHEN_20251107_8973.jpg,BUILDING MATERIALS,completed,TRUE,1,49c3ef02-cb09-4fde-82d8-2012e5945ba2,org/49c3ef02-cb09-4fde-82d8-2012e5945ba2/2025/45947
2025-10-17,THE HOME DEPOT,,receipt,250.90,MORGENSKITCHEN_20251107_2381.jpg,BUILDING MATERIALS,completed,TRUE,1,49c3ef02-cb09-4fde-82d8-2012e5945ba2,org/49c3ef02-cb09-4fde-82d8-2012e5945ba2/2025/45947
2025-10-10,& WHOLESALE COSTCO,,receipt,75.04,MORGENSKITCHEN_20251107_9360.jpg,,completed,TRUE,1,49c3ef02-cb09-4fde-82d8-2012e5945ba2,org/49c3ef02-cb09-4fde-82d8-2012e5945ba2/2025/45940
2025-09-17,THE HOME DEPOT ®,,receipt,39.31,MORGENSKITCHEN_20251107_8766.jpg,,completed,TRUE,1,49c3ef02-cb09-4fde-82d8-2012e5945ba2,org/49c3ef02-cb09-4fde-82d8-2012e5945ba2/2025/45917
2025-09-26,THE HOMI DEPOT ®,,receipt,94.34,MORGENSKITCHEN_20251107_2624.jpg,BUILDING MATERIALS,completed,TRUE,1,49c3ef02-cb09-4fde-82d8-2012e5945ba2,org/49c3ef02-cb09-4fde-82d8-2012e5945ba2/2025/45926
2025-09-28,CANYON CAFE CACHE CREEK CASINO RESORT,,receipt,111.50,MORGENSKITCHEN_20251107_8240.jpg,BUILDING MATERIALS,completed,TRUE,1,49c3ef02-cb09-4fde-82d8-2012e5945ba2,org/49c3ef02-cb09-4fde-82d8-2012e5945ba2/2025/45928
2025-10-17,THE HOME DEPOT ®,,receipt,303.40,MORGENSKITCHEN_20251107_3069.jpg,BUILDING MATERIALS,completed,TRUE,1,49c3ef02-cb09-4fde-82d8-2012e5945ba2,org/49c3ef02-cb09-4fde-82d8-2012e5945ba2/2025/45947
2025-09-14,,,receipt,50.23,MORGENSKITCHEN_20251107_3520.jpg,,pending,TRUE,1,49c3ef02-cb09-4fde-82d8-2012e5945ba2,org/49c3ef02-cb09-4fde-82d8-2012e5945ba2/2025/45914
2025-09-30,DIGITAL COPY,,receipt,382.38,MORGENSKITCHEN_20251107_4261.jpg,DGITAL COPY,completed,TRUE,1,49c3ef02-cb09-4fde-82d8-2012e5945ba2,org/49c3ef02-cb09-4fde-82d8-2012e5945ba2/2025/45930
2025-10-05,1933 KITCHEN & BAR,,receipt,62.86,MORGENSKITCHEN_20251107_4640.jpg,,completed,TRUE,1,49c3ef02-cb09-4fde-82d8-2012e5945ba2,org/49c3ef02-cb09-4fde-82d8-2012e5945ba2/2025/45935
2026-10-21,GS GRANITE STORE,,receipt,12645.70,SPRINGSRD_20251107_3282.jpg,BUILDING MATERIALS,completed,TRUE,1,5cb0a9ac-604d-4918-b5be-e2343bfeae2c,org/5cb0a9ac-604d-4918-b5be-e2343bfeae2c/2026/46316
,,,receipt,19.67,J&JMOTORS_20251210_4320.jpg,,pending,TRUE,1,4afed110-2f87-460a-a92d-3d478884fb6b,org/4afed110-2f87-460a-a92d-3d478884fb6b/1900/
2002-09-08,,,receipt,133.38,MORGENSKITCHEN_20251210_1074.jpg,,pending,TRUE,1,49c3ef02-cb09-4fde-82d8-2012e5945ba2,org/49c3ef02-cb09-4fde-82d8-2012e5945ba2/2002/37507
2025-08-24,,,receipt,59.98,MORGENSKITCHEN_20251210_1513.jpg,,pending,TRUE,1,49c3ef02-cb09-4fde-82d8-2012e5945ba2,org/49c3ef02-cb09-4fde-82d8-2012e5945ba2/2025/45893
2025-09-12,,,receipt,8.40,MORGENSKITCHEN_20251210_9859.jpg,,pending,TRUE,1,49c3ef02-cb09-4fde-82d8-2012e5945ba2,org/49c3ef02-cb09-4fde-82d8-2012e5945ba2/2025/45912
2025-08-24,,,receipt,59.98,MORGENSKITCHEN_20251210_9666.jpg,,pending,TRUE,1,49c3ef02-cb09-4fde-82d8-2012e5945ba2,org/49c3ef02-cb09-4fde-82d8-2012e5945ba2/2025/45893
2025-08-24,,,receipt,15.71,MORGENSKITCHEN_20251210_8383.jpg,,pending,TRUE,1,49c3ef02-cb09-4fde-82d8-2012e5945ba2,org/49c3ef02-cb09-4fde-82d8-2012e5945ba2/2025/45893
2025-08-27,,,receipt,88.33,MORGENSKITCHEN_20251210_7743.jpg,,pending,TRUE,1,49c3ef02-cb09-4fde-82d8-2012e5945ba2,org/49c3ef02-cb09-4fde-82d8-2012e5945ba2/2025/45896
2025-10-02,,,receipt,487.23,J&JLAUNDROMAT_20251210_8656.jpg,,pending,TRUE,1,c1f82f4b-94ee-492e-8f2d-c71be18ddc57,org/c1f82f4b-94ee-492e-8f2d-c71be18ddc57/2025/45932
,,,receipt,58.69,MORGENSKITCHEN_20251210_9921.jpg,,pending,TRUE,1,49c3ef02-cb09-4fde-82d8-2012e5945ba2,org/49c3ef02-cb09-4fde-82d8-2012e5945ba2/1900/
2025-12-10,,,receipt,15.00,J&JMOTORS_20251210_9964.jpg,,pending,TRUE,1,4afed110-2f87-460a-a92d-3d478884fb6b,org/4afed110-2f87-460a-a92d-3d478884fb6b/2025/46001
2025-08-29,,,receipt,,MORGENSKITCHEN_20251210_8318.jpg,,pending,TRUE,1,49c3ef02-cb09-4fde-82d8-2012e5945ba2,org/49c3ef02-cb09-4fde-82d8-2012e5945ba2/2025/45898
2025-11-08,,,receipt,66.25,J&JLAUNDROMAT_20251210_1371.jpg,,pending,TRUE,1,c1f82f4b-94ee-492e-8f2d-c71be18ddc57,org/c1f82f4b-94ee-492e-8f2d-c71be18ddc57/2025/45969
2025-11-07,,,receipt,41.08,MORGENSKITCHEN_20251210_2263.jpg,,pending,TRUE,1,49c3ef02-cb09-4fde-82d8-2012e5945ba2,org/49c3ef02-cb09-4fde-82d8-2012e5945ba2/2025/45968
2025-09-17,,,receipt,8.79,J&JLAUNDROMAT_20251210_3740.jpg,,pending,TRUE,1,c1f82f4b-94ee-492e-8f2d-c71be18ddc57,org/c1f82f4b-94ee-492e-8f2d-c71be18ddc57/2025/45917
2025-10-25,,,receipt,48.97,MORGENSKITCHEN_20251210_1409.jpg,,pending,TRUE,1,49c3ef02-cb09-4fde-82d8-2012e5945ba2,org/49c3ef02-cb09-4fde-82d8-2012e5945ba2/2025/45955
2025-08-06,,,receipt,183.18,MORGENSKITCHEN_20251210_6907.jpg,,pending,TRUE,1,49c3ef02-cb09-4fde-82d8-2012e5945ba2,org/49c3ef02-cb09-4fde-82d8-2012e5945ba2/2025/45875
,,,receipt,92.93,MORGENSKITCHEN_20251210_3243.jpg,,pending,TRUE,1,49c3ef02-cb09-4fde-82d8-2012e5945ba2,org/49c3ef02-cb09-4fde-82d8-2012e5945ba2/1900/
2025-08-29,,,receipt,,MORGENSKITCHEN_20251210_5449.jpg,,pending,TRUE,1,49c3ef02-cb09-4fde-82d8-2012e5945ba2,org/49c3ef02-cb09-4fde-82d8-2012e5945ba2/2025/45898
2025-07-31,,,receipt,101.17,MORGENSKITCHEN_20251210_5320.jpg,,pending,TRUE,1,49c3ef02-cb09-4fde-82d8-2012e5945ba2,org/49c3ef02-cb09-4fde-82d8-2012e5945ba2/2025/45869
,,,receipt,98.21,MORGENSKITCHEN_20251210_5841.jpg,,pending,TRUE,1,49c3ef02-cb09-4fde-82d8-2012e5945ba2,org/49c3ef02-cb09-4fde-82d8-2012e5945ba2/1900/
2025-10-08,,,receipt,22.45,J&JLAUNDROMAT_20251210_1461.jpg,,pending,TRUE,1,c1f82f4b-94ee-492e-8f2d-c71be18ddc57,org/c1f82f4b-94ee-492e-8f2d-c71be18ddc57/2025/45938
2025-06-09,,,receipt,325.57,J&JLAUNDROMAT_20251210_1392.jpg,,pending,TRUE,1,c1f82f4b-94ee-492e-8f2d-c71be18ddc57,org/c1f82f4b-94ee-492e-8f2d-c71be18ddc57/2025/45817
2025-11-10,,,receipt,117.01,J&JLAUNDROMAT_20251210_1683.jpg,,pending,TRUE,1,c1f82f4b-94ee-492e-8f2d-c71be18ddc57,org/c1f82f4b-94ee-492e-8f2d-c71be18ddc57/2025/45971
2025-11-06,,,receipt,98.80,MORGENSKITCHEN_20251210_8381.jpg,,pending,TRUE,1,49c3ef02-cb09-4fde-82d8-2012e5945ba2,org/49c3ef02-cb09-4fde-82d8-2012e5945ba2/2025/45967
,,,receipt,49.31,MORGENSKITCHEN_20251210_1970.jpg,,pending,TRUE,1,49c3ef02-cb09-4fde-82d8-2012e5945ba2,org/49c3ef02-cb09-4fde-82d8-2012e5945ba2/1900/
2025-11-09,,,receipt,107.93,MORGENSKITCHEN_20251210_2680.jpg,,pending,TRUE,1,49c3ef02-cb09-4fde-82d8-2012e5945ba2,org/49c3ef02-cb09-4fde-82d8-2012e5945ba2/2025/45970
2025-10-24,,,receipt,70.95,J&JLAUNDROMAT_20251210_2121.jpg,,pending,TRUE,1,c1f82f4b-94ee-492e-8f2d-c71be18ddc57,org/c1f82f4b-94ee-492e-8f2d-c71be18ddc57/2025/45954
2025-10-24,,,receipt,105.75,J&JLAUNDROMAT_20251210_8054.jpg,,pending,TRUE,1,c1f82f4b-94ee-492e-8f2d-c71be18ddc57,org/c1f82f4b-94ee-492e-8f2d-c71be18ddc57/2025/45954
2025-10-27,,,receipt,25.02,J&JLAUNDROMAT_20251210_3936.jpg,,pending,TRUE,1,c1f82f4b-94ee-492e-8f2d-c71be18ddc57,org/c1f82f4b-94ee-492e-8f2d-c71be18ddc57/2025/45957
,,,receipt,49.15,J&JLAUNDROMAT_20251210_9315.jpg,,pending,TRUE,1,c1f82f4b-94ee-492e-8f2d-c71be18ddc57,org/c1f82f4b-94ee-492e-8f2d-c71be18ddc57/1900/
2025-10-20,,,receipt,8.73,J&JLAUNDROMAT_20251210_9463.jpg,,pending,TRUE,1,c1f82f4b-94ee-492e-8f2d-c71be18ddc57,org/c1f82f4b-94ee-492e-8f2d-c71be18ddc57/2025/45950
2025-10-20,,,receipt,40.32,J&JLAUNDROMAT_20251210_8510.jpg,,pending,TRUE,1,c1f82f4b-94ee-492e-8f2d-c71be18ddc57,org/c1f82f4b-94ee-492e-8f2d-c71be18ddc57/2025/45950
2025-10-30,,,receipt,28.16,J&JLAUNDROMAT_20251210_4507.jpg,,pending,TRUE,1,c1f82f4b-94ee-492e-8f2d-c71be18ddc57,org/c1f82f4b-94ee-492e-8f2d-c71be18ddc57/2025/45960
2025-09-14,,,receipt,50.23,J&JLAUNDROMAT_20251210_6822.jpg,,pending,TRUE,1,c1f82f4b-94ee-492e-8f2d-c71be18ddc57,org/c1f82f4b-94ee-492e-8f2d-c71be18ddc57/2025/45914
2025-09-01,,,receipt,55.30,J&JLAUNDROMAT_20251210_6233.jpg,,pending,TRUE,1,c1f82f4b-94ee-492e-8f2d-c71be18ddc57,org/c1f82f4b-94ee-492e-8f2d-c71be18ddc57/2025/45901
2025-09-01,,,receipt,29.93,J&JLAUNDROMAT_20251210_9251.jpg,,pending,TRUE,1,c1f82f4b-94ee-492e-8f2d-c71be18ddc57,org/c1f82f4b-94ee-492e-8f2d-c71be18ddc57/2025/45901
2025-09-06,,,receipt,28.41,J&JLAUNDROMAT_20251210_4748.jpg,,pending,TRUE,1,c1f82f4b-94ee-492e-8f2d-c71be18ddc57,org/c1f82f4b-94ee-492e-8f2d-c71be18ddc57/2025/45906
2025-08-07,,,receipt,172.09,MORGENSKITCHEN_20251210_1510.jpg,,pending,TRUE,1,49c3ef02-cb09-4fde-82d8-2012e5945ba2,org/49c3ef02-cb09-4fde-82d8-2012e5945ba2/2025/45876
2025-08-18,,,receipt,112.07,MORGENSKITCHEN_20251210_8003.jpg,,pending,TRUE,1,49c3ef02-cb09-4fde-82d8-2012e5945ba2,org/49c3ef02-cb09-4fde-82d8-2012e5945ba2/2025/45887
2025-09-01,,,receipt,84.00,MORGENSKITCHEN_20251210_4768.jpg,,pending,TRUE,1,49c3ef02-cb09-4fde-82d8-2012e5945ba2,org/49c3ef02-cb09-4fde-82d8-2012e5945ba2/2025/45901
2025-03-30,RECOLOGY,8100160994,invoice,659.76,MORGENSKITCHEN_20250716_3185.jpg,GARBAGE BILL,completed,FALSE,,49c3ef02-cb09-4fde-82d8-2012e5945ba2,org/49c3ef02-cb09-4fde-82d8-2012e5945ba2/2025/45746
2025-06-07,VERIZON,2.24676E+13,invoice,128.83,MORGENSKITCHEN_20250716_3066.jpg,PHONE BILL,completed,FALSE,,49c3ef02-cb09-4fde-82d8-2012e5945ba2,org/49c3ef02-cb09-4fde-82d8-2012e5945ba2/2025/45815
2025-05-30,RECOLOGY,8100160994,invoice,659.76,MORGENSKITCHEN_20250716_9862.jpg,GARBAGE BILL,completed,FALSE,,49c3ef02-cb09-4fde-82d8-2012e5945ba2,org/49c3ef02-cb09-4fde-82d8-2012e5945ba2/2025/45807
2025-04-21,RECOLOGY,8100180094,invoice,659.76,MORGENSKITCHEN_20250716_5710.jpg,GARBAGE BILL,completed,FALSE,,49c3ef02-cb09-4fde-82d8-2012e5945ba2,org/49c3ef02-cb09-4fde-82d8-2012e5945ba2/2025/45768
2025-02-20,DOMAIN NETWORKS,PAP2130,invoice,289.00,MORGENSKITCHEN_20250716_2420.jpg,INTERNET,completed,FALSE,,49c3ef02-cb09-4fde-82d8-2012e5945ba2,org/49c3ef02-cb09-4fde-82d8-2012e5945ba2/2025/45708
2025-02-28,RECOLOGY,8100101212,invoice,1062.06,MORGENSKITCHEN_20250716_9152.jpg,GARBAGE BILL,removed,FALSE,,49c3ef02-cb09-4fde-82d8-2012e5945ba2,org/49c3ef02-cb09-4fde-82d8-2012e5945ba2/2025/45716
2025-06-30,SOLANO DEPARTMENT OF RESOURCE MANAGEMENT,100074-16F-2,invoice,655.00,MORGENSKITCHEN_20250716_2923.jpg,LICENSES & PERMITS,completed,FALSE,,49c3ef02-cb09-4fde-82d8-2012e5945ba2,org/49c3ef02-cb09-4fde-82d8-2012e5945ba2/2025/45838
2023-10-05,GS GRANITE STORE,,invoice,1858.40,MORGENSKITCHEN_20250716_4429.jpg,BUILDING MATERIALS,completed,TRUE,Granite Top for Bar,49c3ef02-cb09-4fde-82d8-2012e5945ba2,org/49c3ef02-cb09-4fde-82d8-2012e5945ba2/2023/45204
2025-04-10,PG&E,9381212426-6,invoice,10521.91,MORGENSKITCHEN_20250716_4631.jpg,ELECTRIC BILL,completed,FALSE,,49c3ef02-cb09-4fde-82d8-2012e5945ba2,org/49c3ef02-cb09-4fde-82d8-2012e5945ba2/2025/45757
2025-02-01,SOLANO DEPARTMENT OF RESOURCE MANAGEMENT,EH-FDP-23-000046,invoice,1355.00,MORGENSKITCHEN_20250716_5352.jpg,LICENSES & PERMITS,completed,FALSE,,49c3ef02-cb09-4fde-82d8-2012e5945ba2,org/49c3ef02-cb09-4fde-82d8-2012e5945ba2/2025/45689
2025-02-21,SONITROL VERIFICO ELECTRONIC,106666,invoice,472.40,MORGENSKITCHEN_20250716_3031.jpg,SECURITY DOOR LOCKS,completed,FALSE,,49c3ef02-cb09-4fde-82d8-2012e5945ba2,org/49c3ef02-cb09-4fde-82d8-2012e5945ba2/2025/45709
2025-03-24,SONITROL VERIFICO ELECTRONIC,105586,invoice,220.71,MORGENSKITCHEN_20250716_4793.jpg,SECURITY DOOR LOCKS,completed,FALSE,,49c3ef02-cb09-4fde-82d8-2012e5945ba2,org/49c3ef02-cb09-4fde-82d8-2012e5945ba2/2025/45740
2024-11-08,SONITROL VERIFICO ELECTRONIC,105586,invoice,185.40,MORGENSKITCHEN_20250716_3069.jpg,SECURITY DOOR LOCKS,completed,FALSE,,49c3ef02-cb09-4fde-82d8-2012e5945ba2,org/49c3ef02-cb09-4fde-82d8-2012e5945ba2/2024/45604
2025-05-09,SONITROL VERIFICO ELECTRONIC,105586,invoice,185.40,MORGENSKITCHEN_20250716_9961.jpg,SECURITY DOOR LOCKS,completed,FALSE,,49c3ef02-cb09-4fde-82d8-2012e5945ba2,org/49c3ef02-cb09-4fde-82d8-2012e5945ba2/2025/45786
2025-02-20,RECOLOGY,8100160994,invoice,659.76,MORGENSKITCHEN_20250716_8723.jpg,GARBAGE BILL,completed,FALSE,,49c3ef02-cb09-4fde-82d8-2012e5945ba2,org/49c3ef02-cb09-4fde-82d8-2012e5945ba2/2025/45708
2025-02-20,RECOLOGY,8100161212,invoice,1062.06,MORGENSKITCHEN_20250716_4494.jpg,GARBAGE BILL,removed,FALSE,,49c3ef02-cb09-4fde-82d8-2012e5945ba2,org/49c3ef02-cb09-4fde-82d8-2012e5945ba2/2025/45708
2025-04-01,TRANSPORT PRODUCTS UNLIMITED INC.,,invoice,112.17,MORGENSKITCHEN_20250716_5727.jpg,STORAGE CONTAINERS,completed,FALSE,,49c3ef02-cb09-4fde-82d8-2012e5945ba2,org/49c3ef02-cb09-4fde-82d8-2012e5945ba2/2025/45748
2025-01-07,SONITROL® VERIFIED ELECTRONIC SECURITY,105586 384652,invoice,287.00,MORGENSKITCHEN_20250716_2594.jpg,SECURITY DOOR LOCKS,completed,FALSE,,49c3ef02-cb09-4fde-82d8-2012e5945ba2,org/49c3ef02-cb09-4fde-82d8-2012e5945ba2/2025/45664
2025-02-03,TRANSPORT PRODUCTS UNLIMITED INC.,,invoice,112.17,MORGENSKITCHEN_20250716_2628.jpg,STORAGE CONTAINERS,completed,FALSE,,49c3ef02-cb09-4fde-82d8-2012e5945ba2,org/49c3ef02-cb09-4fde-82d8-2012e5945ba2/2025/45691
2024-12-01,TRANSPORT PRODUCTS UNLIMITED INC.,,invoice,112.17,MORGENSKITCHEN_20250716_2223.jpg,STORAGE CONTAINERS,completed,FALSE,,49c3ef02-cb09-4fde-82d8-2012e5945ba2,org/49c3ef02-cb09-4fde-82d8-2012e5945ba2/2024/45627
2025-03-20,RECOLOGY,8100160994,invoice,659.76,MORGENSKITCHEN_20250716_8628.jpg,GARBAGE BILL,completed,FALSE,,49c3ef02-cb09-4fde-82d8-2012e5945ba2,org/49c3ef02-cb09-4fde-82d8-2012e5945ba2/2025/45736
2025-02-27,FASTRAK,1198189,invoice,6.00,MORGENSKITCHEN_20250716_5141.jpg,TOLL,completed,FALSE,,49c3ef02-cb09-4fde-82d8-2012e5945ba2,org/49c3ef02-cb09-4fde-82d8-2012e5945ba2/2025/45715
2025-03-18,WEST AUCTIONS,69786,invoice,433.45,MORGENSKITCHEN_20250716_5807.jpg,MISC,completed,FALSE,,49c3ef02-cb09-4fde-82d8-2012e5945ba2,org/49c3ef02-cb09-4fde-82d8-2012e5945ba2/2025/45734
2025-06-11,CITY OF VALLEJO,11703952,invoice,132.00,MORGENSKITCHEN_20250716_2543.jpg,LICENSES & PERMITS,completed,FALSE,,49c3ef02-cb09-4fde-82d8-2012e5945ba2,org/49c3ef02-cb09-4fde-82d8-2012e5945ba2/2025/45819
2025-07-18,SPEED QUEEN,Q-21035-3,invoice,32745.36,JandJlaundromat_20250721_3573.jpg,SPEED QUEEN 30LB DRYER,completed,TRUE,Dryers,c1f82f4b-94ee-492e-8f2d-c71be18ddc57,org/c1f82f4b-94ee-492e-8f2d-c71be18ddc57/2025/45856
2023-06-20,,,invoice,773.50,Byronst_20250731_6363.jpg,,removed,TRUE,1,2a822b4c-99d9-4f31-95f6-305e4bfa9c17,org/2a822b4c-99d9-4f31-95f6-305e4bfa9c17/2023/45097
2025-04-21,RECOLOGY,8100161542,invoice,337.98,ByronSt_20250731_6134.jpg,GARBAGE BILL,completed,FALSE,,2a822b4c-99d9-4f31-95f6-305e4bfa9c17,org/2a822b4c-99d9-4f31-95f6-305e4bfa9c17/2025/45768
2025-01-03,WESTERN STATE DESIGN,618307,invoice,70.46,J&JLAUNDROMAT_20250801_8654.jpg,REPAIRS,completed,FALSE,,c1f82f4b-94ee-492e-8f2d-c71be18ddc57,org/c1f82f4b-94ee-492e-8f2d-c71be18ddc57/2025/45660
2025-03-06,DGDG TEAM CHEVROLET CADILLAC MAZDA,73259,invoice,69.85,J&JMOTORS_20250801_7470.jpg,REPAIRS,completed,FALSE,,4afed110-2f87-460a-a92d-3d478884fb6b,org/4afed110-2f87-460a-a92d-3d478884fb6b/2025/45722
2025-07-16,PROVIDENCE WALK CORPORATION,,invoice,273.00,VICKSBURGDR_20250816_3090.jpg,HOA DUES,completed,FALSE,,0cb5e772-bb5c-490b-bab8-c73842229375,org/0cb5e772-bb5c-490b-bab8-c73842229375/2025/45854
2025-07-11,METRO,,invoice,104.20,NASHNILL_20250816_8843.jpg,INTERNET,completed,FALSE,,13fda49d-1835-4e08-8804-783948b3c924,org/13fda49d-1835-4e08-8804-783948b3c924/2025/45849
2025-08-08,PG&E,,invoice,2500.00,J&JLAUNDROMAT_20250820_3013.jpg,ELECTRIC BILL,completed,FALSE,,c1f82f4b-94ee-492e-8f2d-c71be18ddc57,org/c1f82f4b-94ee-492e-8f2d-c71be18ddc57/2025/45877
2025-08-08,PG&E,,invoice,2500.00,J&JLAUNDROMAT_20250820_9633.jpg,ELECTRIC BILL,completed,FALSE,,c1f82f4b-94ee-492e-8f2d-c71be18ddc57,org/c1f82f4b-94ee-492e-8f2d-c71be18ddc57/2025/45877
2025-08-08,METRO WATER SERVICES,,invoice,23.55,NASHVILLE_20250820_8899.jpg,WATER,completed,FALSE,,13fda49d-1835-4e08-8804-783948b3c924,org/13fda49d-1835-4e08-8804-783948b3c924/2025/45877
2025-07-18,CITY CITY OF VALLEJO,,invoice,0.00,J&JLAUNDROMAT_20250820_9500.jpg,WATER,completed,FALSE,,c1f82f4b-94ee-492e-8f2d-c71be18ddc57,org/c1f82f4b-94ee-492e-8f2d-c71be18ddc57/2025/45856
2025-08-13,FAIRFIELD MUNICIPAL UTILITIES,,invoice,-817.14,HOME_20250820_4045.jpg,WATER,completed,FALSE,,3ea4a844-087c-4e35-9e45-308d74a1c560,org/3ea4a844-087c-4e35-9e45-308d74a1c560/2025/45882
2025-09-04,RECOLOGY.,,invoice,318.00,BYRONST_20250820_5617.jpg,GARBAGE BILL,completed,FALSE,,2a822b4c-99d9-4f31-95f6-305e4bfa9c17,org/2a822b4c-99d9-4f31-95f6-305e4bfa9c17/2025/45904
2025-07-11,,,invoice,,J&JLAUNDROMAT_20250820_9001.jpg,,removed,FALSE,,c1f82f4b-94ee-492e-8f2d-c71be18ddc57,org/c1f82f4b-94ee-492e-8f2d-c71be18ddc57/2025/45849
2025-07-30,FASTRAK CUSTOMER SERVICE,,invoice,72.99,BYRONST_20250820_2525.jpg,TOLL,completed,FALSE,,2a822b4c-99d9-4f31-95f6-305e4bfa9c17,org/2a822b4c-99d9-4f31-95f6-305e4bfa9c17/2025/45868
2025-08-01,MARINER'S LANDING HOMEOWNERS ASSOCIATION,,invoice,610.00,NANTUCKET_20250820_1959.jpg,HOA DUES,completed,FALSE,,b95ea2ec-727a-4583-b52e-abbf7c8e8f0e,org/b95ea2ec-727a-4583-b52e-abbf7c8e8f0e/2025/45870
2025-07-21,STATE FARM®,,invoice,2712.02,MORGENSKITCHEN_20250820_3917.jpg,INSURANCE BILL,completed,FALSE,,49c3ef02-cb09-4fde-82d8-2012e5945ba2,org/49c3ef02-cb09-4fde-82d8-2012e5945ba2/2025/45859
2025-07-29,FASTRAK,,invoice,25.00,MORGENSKITCHEN_20250820_4941.jpg,TOLL,completed,FALSE,,49c3ef02-cb09-4fde-82d8-2012e5945ba2,org/49c3ef02-cb09-4fde-82d8-2012e5945ba2/2025/45867
,GRAINGER,,invoice,1054.11,MORGENSKITCHEN_20250820_5091.jpg,COOLER /EVAPORATIVE,completed,TRUE,COOLER /EVAPORATIVE,49c3ef02-cb09-4fde-82d8-2012e5945ba2,org/49c3ef02-cb09-4fde-82d8-2012e5945ba2/1900/
2025-08-25,THE HOME DEPOT,,invoice,317.21,SPRINGSRD_20250820_9129.jpg,BUILDING MATERIALS,completed,FALSE,,5cb0a9ac-604d-4918-b5be-e2343bfeae2c,org/5cb0a9ac-604d-4918-b5be-e2343bfeae2c/2025/45894
2025-08-30,RECOLOGY.,,invoice,659.76,SPRINGSRD_20250820_8193.jpg,GARBAGE BILL,completed,TRUE,1,5cb0a9ac-604d-4918-b5be-e2343bfeae2c,org/5cb0a9ac-604d-4918-b5be-e2343bfeae2c/2025/45899
2025-07-14,METRO,,invoice,104.20,NANTUCKET_20250820_5424.jpg,WATER,completed,TRUE,1,b95ea2ec-727a-4583-b52e-abbf7c8e8f0e,org/b95ea2ec-727a-4583-b52e-abbf7c8e8f0e/2025/45852
2025-08-14,NAFCOOL,,invoice,7712.47,MORGENSKITCHEN_20250820_1686.jpg,APPLIANCE,removed,TRUE,5,c1f82f4b-94ee-492e-8f2d-c71be18ddc57,org/c1f82f4b-94ee-492e-8f2d-c71be18ddc57/2025/45883
2025-08-14,DMV,,invoice,438.00,HOME_20250820_2757.jpg,VEHICLE REGISTRATION,completed,TRUE,1,3ea4a844-087c-4e35-9e45-308d74a1c560,org/3ea4a844-087c-4e35-9e45-308d74a1c560/2025/45883
2025-07-15,VERIZON,,invoice,58.23,MORGENSKITCHEN_20250820_8580.jpg,PHONE BILL,completed,TRUE,1,49c3ef02-cb09-4fde-82d8-2012e5945ba2,org/49c3ef02-cb09-4fde-82d8-2012e5945ba2/2025/45853
2024-12-05,,,invoice,3670.00,MORGENSKITCHEN_20250822_8874.jpg,,removed,TRUE,1,49c3ef02-cb09-4fde-82d8-2012e5945ba2,org/49c3ef02-cb09-4fde-82d8-2012e5945ba2/2024/45631
2025-08-22,,,invoice,,HOME_20250822_7682.jpg,,removed,TRUE,1,3ea4a844-087c-4e35-9e45-308d74a1c560,org/3ea4a844-087c-4e35-9e45-308d74a1c560/2025/45891
2025-08-06,,,invoice,171.63,BYRONST_20250822_3944.jpg,,removed,TRUE,1,2a822b4c-99d9-4f31-95f6-305e4bfa9c17,org/2a822b4c-99d9-4f31-95f6-305e4bfa9c17/2025/45875
,AMERICAN EXPRESS® TRADITIONAL GOLD CARD,,invoice,,HOME_20250822_2276.jpg,,completed,TRUE,1,3ea4a844-087c-4e35-9e45-308d74a1c560,org/3ea4a844-087c-4e35-9e45-308d74a1c560/1900/
,,,invoice,312.00,NASHVILLE_20250822_8137.jpg,,removed,TRUE,1,13fda49d-1835-4e08-8804-783948b3c924,org/13fda49d-1835-4e08-8804-783948b3c924/1900/
2025-07-28,,,invoice,111.00,NASHVILLE_20250822_7001.jpg,,removed,TRUE,1,13fda49d-1835-4e08-8804-783948b3c924,org/13fda49d-1835-4e08-8804-783948b3c924/2025/45866
,CITY OF VALLEJO,,invoice,,MORGENSKITCHEN_20250822_2534.jpg,LICENSES & PERMITS,completed,TRUE,1,49c3ef02-cb09-4fde-82d8-2012e5945ba2,org/49c3ef02-cb09-4fde-82d8-2012e5945ba2/1900/
2025-08-30,,,invoice,401.17,BYRONST_20250822_9967.jpg,,removed,TRUE,1,2a822b4c-99d9-4f31-95f6-305e4bfa9c17,org/2a822b4c-99d9-4f31-95f6-305e4bfa9c17/2025/45899
2025-05-16,,,invoice,,BYRONST_20250822_7207.jpg,,removed,TRUE,1,2a822b4c-99d9-4f31-95f6-305e4bfa9c17,org/2a822b4c-99d9-4f31-95f6-305e4bfa9c17/2025/45793
2025-07-29,RECOLOGY,,invoice,401.17,BYRONST_20250822_1205.jpg,GARBAGE BILL,completed,FALSE,,2a822b4c-99d9-4f31-95f6-305e4bfa9c17,org/2a822b4c-99d9-4f31-95f6-305e4bfa9c17/2025/45867
2024-12-09,,,invoice,44.00,MORGENSKITCHEN_20250908_4871.jpg,,removed,TRUE,1,49c3ef02-cb09-4fde-82d8-2012e5945ba2,org/49c3ef02-cb09-4fde-82d8-2012e5945ba2/2024/45635
2025-07-29,,,invoice,25.00,J&JLAUNDROMAT_20250908_2674.jpg,,removed,TRUE,1,c1f82f4b-94ee-492e-8f2d-c71be18ddc57,org/c1f82f4b-94ee-492e-8f2d-c71be18ddc57/2025/45867
2025-08-29,,,invoice,169.00,J&JLAUNDROMAT_20250908_5875.jpg,,removed,TRUE,1,c1f82f4b-94ee-492e-8f2d-c71be18ddc57,org/c1f82f4b-94ee-492e-8f2d-c71be18ddc57/2025/45898
2025-08-17,,,invoice,610.00,NANTUCKET_20250908_8433.jpg,,removed,TRUE,1,b95ea2ec-727a-4583-b52e-abbf7c8e8f0e,org/b95ea2ec-727a-4583-b52e-abbf7c8e8f0e/2025/45886
2025-08-06,,,invoice,64.29,SPRINGSRD_20250908_9458.jpg,,removed,TRUE,1,5cb0a9ac-604d-4918-b5be-e2343bfeae2c,org/5cb0a9ac-604d-4918-b5be-e2343bfeae2c/2025/45875
2025-08-19,,,invoice,253.00,VICKSBURGDR_20250908_9579.jpg,,removed,TRUE,1,0cb5e772-bb5c-490b-bab8-c73842229375,org/0cb5e772-bb5c-490b-bab8-c73842229375/2025/45888
2025-08-31,,,invoice,44.00,J&JLAUNDROMAT_20250910_7118.jpg,,removed,TRUE,1,c1f82f4b-94ee-492e-8f2d-c71be18ddc57,org/c1f82f4b-94ee-492e-8f2d-c71be18ddc57/2025/45900
2025-08-28,,,invoice,3563.00,SPRINGSRD_20250910_5642.jpg,,removed,TRUE,1,5cb0a9ac-604d-4918-b5be-e2343bfeae2c,org/5cb0a9ac-604d-4918-b5be-e2343bfeae2c/2025/45897
2025-08-28,,,invoice,396.20,J&JLAUNDROMAT_20250910_3552.jpg,,removed,TRUE,1,c1f82f4b-94ee-492e-8f2d-c71be18ddc57,org/c1f82f4b-94ee-492e-8f2d-c71be18ddc57/2025/45897
2025-08-27,,,invoice,25.00,MORGENSKITCHEN_20250910_8058.jpg,,removed,TRUE,1,49c3ef02-cb09-4fde-82d8-2012e5945ba2,org/49c3ef02-cb09-4fde-82d8-2012e5945ba2/2025/45896
2025-09-09,,,invoice,140.00,NASHVILLE_20250910_1184.jpg,,removed,TRUE,1,13fda49d-1835-4e08-8804-783948b3c924,org/13fda49d-1835-4e08-8804-783948b3c924/2025/45909
2025-09-08,,,invoice,,J&JLAUNDROMAT_20250923_3182.jpg,,removed,TRUE,1,c1f82f4b-94ee-492e-8f2d-c71be18ddc57,org/c1f82f4b-94ee-492e-8f2d-c71be18ddc57/2025/45908
2025-09-05,,,invoice,92.46,SPRINGSRD_20250923_1435.jpg,,removed,TRUE,1,5cb0a9ac-604d-4918-b5be-e2343bfeae2c,org/5cb0a9ac-604d-4918-b5be-e2343bfeae2c/2025/45905
2002-09-05,,,invoice,334.19,BYRONST_20250923_8575.jpg,,removed,TRUE,1,2a822b4c-99d9-4f31-95f6-305e4bfa9c17,org/2a822b4c-99d9-4f31-95f6-305e4bfa9c17/2002/37504
2025-09-04,,,invoice,,J&JMOTORS_20250923_6285.jpg,,removed,TRUE,1,4afed110-2f87-460a-a92d-3d478884fb6b,org/4afed110-2f87-460a-a92d-3d478884fb6b/2025/45904
2025-09-11,,,invoice,112.00,SAGEHALL&GARDEN_20250923_5149.jpg,,removed,TRUE,1,b59a01b1-75c0-48a5-aec2-e54c547146a7,org/b59a01b1-75c0-48a5-aec2-e54c547146a7/2025/45911
2025-09-29,,,invoice,,HOME_20250923_5687.jpg,,removed,TRUE,1,3ea4a844-087c-4e35-9e45-308d74a1c560,org/3ea4a844-087c-4e35-9e45-308d74a1c560/2025/45929
2025-09-11,,,invoice,,SPRINGSRD_20250923_7374.jpg,,removed,TRUE,1,5cb0a9ac-604d-4918-b5be-e2343bfeae2c,org/5cb0a9ac-604d-4918-b5be-e2343bfeae2c/2025/45911
2025-09-11,,,invoice,180.00,SPRINGSRD_20250923_5169.jpg,,removed,TRUE,1,5cb0a9ac-604d-4918-b5be-e2343bfeae2c,org/5cb0a9ac-604d-4918-b5be-e2343bfeae2c/2025/45911
2025-10-07,,,invoice,,MORGENSKITCHEN_20251107_7606.jpg,,removed,TRUE,1,49c3ef02-cb09-4fde-82d8-2012e5945ba2,org/49c3ef02-cb09-4fde-82d8-2012e5945ba2/2025/45937
2025-10-06,DEPARTMENT OF THE TREASURY INTERNAL REVENUE SERVICE,,invoice,4881.33,HOME_20251107_7165.jpg,INTERNAL REVENUE,completed,TRUE,1,3ea4a844-087c-4e35-9e45-308d74a1c560,org/3ea4a844-087c-4e35-9e45-308d74a1c560/2025/45936
2025-11-17,STATE FARM PAYMENT PLAN,,invoice,2708.00,MORGENSKITCHEN_20251107_3491.jpg,INSURANCE BILL,completed,TRUE,1,49c3ef02-cb09-4fde-82d8-2012e5945ba2,org/49c3ef02-cb09-4fde-82d8-2012e5945ba2/2025/45978
,THREE J'S GLOBAL FIRE PROTECTION,,invoice,365.56,MORGENSKITCHEN_20251107_8649.jpg,FIRE PROTECTION,completed,TRUE,1,49c3ef02-cb09-4fde-82d8-2012e5945ba2,org/49c3ef02-cb09-4fde-82d8-2012e5945ba2/1900/
,COMPASS,,invoice,300.00,NASHVILLE_20251107_4536.jpg,REAL ESTATE,completed,TRUE,1,13fda49d-1835-4e08-8804-783948b3c924,org/13fda49d-1835-4e08-8804-783948b3c924/1900/
2025-10-31,NAPA-VALLEJO WASTE MANAGEMENT NAPA COUNTY CENTRAL COLLECTIONS,,invoice,88.00,NASHVILLE_20251107_5836.jpg,WASTE DISPOSAL,completed,TRUE,1,13fda49d-1835-4e08-8804-783948b3c924,org/13fda49d-1835-4e08-8804-783948b3c924/2025/45961
2025-10-15,,,invoice,,MORGENSKITCHEN_20251107_3058.jpg,,removed,TRUE,1,49c3ef02-cb09-4fde-82d8-2012e5945ba2,org/49c3ef02-cb09-4fde-82d8-2012e5945ba2/2025/45945
2025-10-28,NES,,invoice,64.00,NASHVILLE_20251107_2702.jpg,ELECTRIC BILL,completed,TRUE,1,13fda49d-1835-4e08-8804-783948b3c924,org/13fda49d-1835-4e08-8804-783948b3c924/2025/45958
2025-10-17,COMMON INTEREST MGMT SERVICES,,invoice,253.00,VICKSBURGDR_20251107_7703.jpg,HOA DUES,completed,TRUE,1,0cb5e772-bb5c-490b-bab8-c73842229375,org/0cb5e772-bb5c-490b-bab8-c73842229375/2025/45947
2025-10-27,FAIRFIELD MUNICIPAL UTILITIES,,invoice,-851.68,HOME_20251107_2614.jpg,WATER,completed,TRUE,1,3ea4a844-087c-4e35-9e45-308d74a1c560,org/3ea4a844-087c-4e35-9e45-308d74a1c560/2025/45957
2025-11-04,PG&E,,invoice,1363.11,HOME_20251107_7846.jpg,ELECTRIC BILL,completed,TRUE,1,3ea4a844-087c-4e35-9e45-308d74a1c560,org/3ea4a844-087c-4e35-9e45-308d74a1c560/2025/45965
2025-06-16,CALIFORNIA TIRE & WHEEL,,invoice,120.00,MORGENSKITCHEN_20251107_8506.jpg,TIRE,completed,TRUE,1,49c3ef02-cb09-4fde-82d8-2012e5945ba2,org/49c3ef02-cb09-4fde-82d8-2012e5945ba2/2025/45824
2025-10-28,AMERICAN EXPRESS®,,invoice,117.96,HOME_20251107_8823.jpg,CREDIT CARD BILL,completed,TRUE,1,3ea4a844-087c-4e35-9e45-308d74a1c560,org/3ea4a844-087c-4e35-9e45-308d74a1c560/2025/45958
2025-10-07,NELSON PLUBBER,,invoice,395.00,MORGENSKITCHEN_20251107_6418.jpg,REPAIRS,completed,TRUE,1,49c3ef02-cb09-4fde-82d8-2012e5945ba2,org/49c3ef02-cb09-4fde-82d8-2012e5945ba2/2025/45937
1925-10-01,,,invoice,39500.00,BYRONST_20251107_8724.jpg,,removed,TRUE,1,2a822b4c-99d9-4f31-95f6-305e4bfa9c17,org/2a822b4c-99d9-4f31-95f6-305e4bfa9c17/1925/9406
2025-10-06,PG&E,,invoice,221.30,BYRONST_20251107_3701.jpg,ELECTRIC BILL,completed,TRUE,1,2a822b4c-99d9-4f31-95f6-305e4bfa9c17,org/2a822b4c-99d9-4f31-95f6-305e4bfa9c17/2025/45936
2025-11-30,RECOLOGY,,invoice,401.17,SPRINGSRD_20251107_1140.jpg,GARBAGE BILL,completed,TRUE,1,5cb0a9ac-604d-4918-b5be-e2343bfeae2c,org/5cb0a9ac-604d-4918-b5be-e2343bfeae2c/2025/45991
2025-09-26,AMERICAN EXPRESS® TRADITIONAL CARD,,invoice,117.96,HOME_20251107_5036.jpg,,completed,TRUE,1,3ea4a844-087c-4e35-9e45-308d74a1c560,org/3ea4a844-087c-4e35-9e45-308d74a1c560/2025/45926
2025-11-01,MARINER'S LANDING HOMEOWNERS ASSOCIATION,,invoice,610.00,NANTUCKET_20251107_4404.jpg,HOA DUES,completed,TRUE,1,b95ea2ec-727a-4583-b52e-abbf7c8e8f0e,org/b95ea2ec-727a-4583-b52e-abbf7c8e8f0e/2025/45962
2025-11-11,TRANSPORT PRODUCTS UNLIMITED INC.,,invoice,112.17,MORGENSKITCHEN_20251107_2301.jpg,STORAGE CONTAINERS,completed,TRUE,1,49c3ef02-cb09-4fde-82d8-2012e5945ba2,org/49c3ef02-cb09-4fde-82d8-2012e5945ba2/2025/45972
2025-09-29,FASTRAK®,,invoice,25.00,MORGENSKITCHEN_20251107_2509.jpg,FASTRALK,completed,TRUE,1,49c3ef02-cb09-4fde-82d8-2012e5945ba2,org/49c3ef02-cb09-4fde-82d8-2012e5945ba2/2025/45929
2025-10-06,,,invoice,35.97,SPRINGSRD_20251107_8259.jpg,,pending,TRUE,1,5cb0a9ac-604d-4918-b5be-e2343bfeae2c,org/5cb0a9ac-604d-4918-b5be-e2343bfeae2c/2025/45936
2025-11-21,,,invoice,122.58,NASHVILLE_20251202_9198.jpg,,pending,TRUE,1,13fda49d-1835-4e08-8804-783948b3c924,org/13fda49d-1835-4e08-8804-783948b3c924/2025/45982
2025-11-04,,,invoice,96.70,NASHVILLE_20251202_1532.jpg,,pending,TRUE,1,13fda49d-1835-4e08-8804-783948b3c924,org/13fda49d-1835-4e08-8804-783948b3c924/2025/45965
2025-10-04,,,invoice,44.00,J&JLAUNDROMAT_20251202_4370.jpg,,pending,TRUE,1,c1f82f4b-94ee-492e-8f2d-c71be18ddc57,org/c1f82f4b-94ee-492e-8f2d-c71be18ddc57/2025/45934
2025-09-25,,,invoice,44.00,J&JLAUNDROMAT_20251202_7408.jpg,,pending,TRUE,1,c1f82f4b-94ee-492e-8f2d-c71be18ddc57,org/c1f82f4b-94ee-492e-8f2d-c71be18ddc57/2025/45925
2025-11-04,,,invoice,51.85,J&JLAUNDROMAT_20251202_1317.jpg,,pending,TRUE,1,c1f82f4b-94ee-492e-8f2d-c71be18ddc57,org/c1f82f4b-94ee-492e-8f2d-c71be18ddc57/2025/45965
2025-11-24,,,invoice,758.28,SPRINGSRD_20251202_3909.jpg,,pending,TRUE,1,5cb0a9ac-604d-4918-b5be-e2343bfeae2c,org/5cb0a9ac-604d-4918-b5be-e2343bfeae2c/2025/45985
2025-11-04,,,invoice,1088.92,HOME_20251202_8797.jpg,,pending,TRUE,1,3ea4a844-087c-4e35-9e45-308d74a1c560,org/3ea4a844-087c-4e35-9e45-308d74a1c560/2025/45965
,,,invoice,,BYRONST_20251202_3458.jpg,,pending,TRUE,1,2a822b4c-99d9-4f31-95f6-305e4bfa9c17,org/2a822b4c-99d9-4f31-95f6-305e4bfa9c17/1900/
2025-10-15,,,invoice,174.90,J&JLAUNDROMAT_20251202_7083.jpg,,pending,TRUE,1,c1f82f4b-94ee-492e-8f2d-c71be18ddc57,org/c1f82f4b-94ee-492e-8f2d-c71be18ddc57/2025/45945
2025-11-21,,,invoice,903.34,J&JLAUNDROMAT_20251202_2181.jpg,,pending,TRUE,1,c1f82f4b-94ee-492e-8f2d-c71be18ddc57,org/c1f82f4b-94ee-492e-8f2d-c71be18ddc57/2025/45982
2025-10-28,,,invoice,64.00,NASHVILLE_20251202_5779.jpg,,pending,TRUE,1,13fda49d-1835-4e08-8804-783948b3c924,org/13fda49d-1835-4e08-8804-783948b3c924/2025/45958
,,,invoice,117.96,HOME_20251202_3365.jpg,,pending,TRUE,1,3ea4a844-087c-4e35-9e45-308d74a1c560,org/3ea4a844-087c-4e35-9e45-308d74a1c560/1900/
2025-10-06,,,invoice,31.00,SPRINGSRD_20251202_6608.jpg,,pending,TRUE,1,5cb0a9ac-604d-4918-b5be-e2343bfeae2c,org/5cb0a9ac-604d-4918-b5be-e2343bfeae2c/2025/45936
,,,invoice,221.30,BYRONST_20251202_5894.jpg,,pending,TRUE,1,2a822b4c-99d9-4f31-95f6-305e4bfa9c17,org/2a822b4c-99d9-4f31-95f6-305e4bfa9c17/1900/
2025-10-20,,,invoice,401.10,J&JLAUNDROMAT_20251202_2398.jpg,,pending,TRUE,1,c1f82f4b-94ee-492e-8f2d-c71be18ddc57,org/c1f82f4b-94ee-492e-8f2d-c71be18ddc57/2025/45950
2025-11-11,,,invoice,,MORGENSKITCHEN_20251202_8498.jpg,,pending,TRUE,1,49c3ef02-cb09-4fde-82d8-2012e5945ba2,org/49c3ef02-cb09-4fde-82d8-2012e5945ba2/2025/45972
,,,invoice,28.98,HOME_20251202_2094.jpg,,pending,TRUE,1,3ea4a844-087c-4e35-9e45-308d74a1c560,org/3ea4a844-087c-4e35-9e45-308d74a1c560/1900/
2025-10-14,,,invoice,1363.11,J&JLAUNDROMAT_20251202_8449.jpg,,pending,TRUE,1,c1f82f4b-94ee-492e-8f2d-c71be18ddc57,org/c1f82f4b-94ee-492e-8f2d-c71be18ddc57/2025/45944
2025-11-01,,,invoice,610.00,NANTUCKET_20251202_8215.jpg,,pending,TRUE,1,b95ea2ec-727a-4583-b52e-abbf7c8e8f0e,org/b95ea2ec-727a-4583-b52e-abbf7c8e8f0e/2025/45962
2025-09-29,,,invoice,25.00,MORGENSKITCHEN_20251202_4270.jpg,,pending,TRUE,1,49c3ef02-cb09-4fde-82d8-2012e5945ba2,org/49c3ef02-cb09-4fde-82d8-2012e5945ba2/2025/45929
2025-04-29,,,invoice,25.00,MORGENSKITCHEN_20251202_6900.jpg,,pending,TRUE,1,49c3ef02-cb09-4fde-82d8-2012e5945ba2,org/49c3ef02-cb09-4fde-82d8-2012e5945ba2/2025/45776
2025-07-25,,,invoice,944.99,SPRINGSRD_20251202_6055.jpg,,pending,TRUE,1,5cb0a9ac-604d-4918-b5be-e2343bfeae2c,org/5cb0a9ac-604d-4918-b5be-e2343bfeae2c/2025/45863
2025-10-20,,,invoice,340.53,MORGENSKITCHEN_20251202_7875.jpg,,pending,TRUE,1,49c3ef02-cb09-4fde-82d8-2012e5945ba2,org/49c3ef02-cb09-4fde-82d8-2012e5945ba2/2025/45950
,,,invoice,1767.42,HOME_20251202_6411.jpg,,pending,TRUE,1,3ea4a844-087c-4e35-9e45-308d74a1c560,org/3ea4a844-087c-4e35-9e45-308d74a1c560/1900/
2025-07-25,,,invoice,216.24,MORGENSKITCHEN_20251202_9545.jpg,,pending,TRUE,1,49c3ef02-cb09-4fde-82d8-2012e5945ba2,org/49c3ef02-cb09-4fde-82d8-2012e5945ba2/2025/45863
2025-11-05,,,invoice,322.15,BYRONST_20251202_2099.jpg,,pending,TRUE,1,2a822b4c-99d9-4f31-95f6-305e4bfa9c17,org/2a822b4c-99d9-4f31-95f6-305e4bfa9c17/2025/45966
2025-11-06,,,invoice,,MORGENSKITCHEN_20251202_7865.jpg,,pending,TRUE,1,49c3ef02-cb09-4fde-82d8-2012e5945ba2,org/49c3ef02-cb09-4fde-82d8-2012e5945ba2/2025/45967
2025-11-07,,,invoice,30.18,SPRINGSRD_20251202_7757.jpg,,pending,TRUE,1,5cb0a9ac-604d-4918-b5be-e2343bfeae2c,org/5cb0a9ac-604d-4918-b5be-e2343bfeae2c/2025/45968
2025-10-07,,,invoice,,J&JLAUNDROMAT_20251202_6307.jpg,,pending,TRUE,1,c1f82f4b-94ee-492e-8f2d-c71be18ddc57,org/c1f82f4b-94ee-492e-8f2d-c71be18ddc57/2025/45937
2025-11-06,,,invoice,,J&JLAUNDROMAT_20251202_1413.jpg,,pending,TRUE,1,c1f82f4b-94ee-492e-8f2d-c71be18ddc57,org/c1f82f4b-94ee-492e-8f2d-c71be18ddc57/2025/45967
2025-11-26,,,invoice,2.81,NASHVILLE_20251210_4904.jpg,,pending,TRUE,1,13fda49d-1835-4e08-8804-783948b3c924,org/13fda49d-1835-4e08-8804-783948b3c924/2025/45987
2025-11-18,,,invoice,253.00,VICKSBURGDR_20251210_7414.jpg,,pending,TRUE,1,0cb5e772-bb5c-490b-bab8-c73842229375,org/0cb5e772-bb5c-490b-bab8-c73842229375/2025/45979
2025-11-27,,,invoice,,J&JLAUNDROMAT_20251210_9974.jpg,,pending,TRUE,1,c1f82f4b-94ee-492e-8f2d-c71be18ddc57,org/c1f82f4b-94ee-492e-8f2d-c71be18ddc57/2025/45988
2025-11-04,,,invoice,140.00,NASHVILLE_20251210_4657.jpg,,pending,TRUE,1,13fda49d-1835-4e08-8804-783948b3c924,org/13fda49d-1835-4e08-8804-783948b3c924/2025/45965
,,,invoice,610.00,NANTUCKET_20251210_6388.jpg,,pending,TRUE,1,b95ea2ec-727a-4583-b52e-abbf7c8e8f0e,org/b95ea2ec-727a-4583-b52e-abbf7c8e8f0e/1900/
